path,brightness,contrast,blur
D:\Kebench\Documents\projects\xai-lab\data\raw\ckplus\happy\S078_004_00000027.png,120.15408325195312,77.61693572998047,1834.515625
D:\Kebench\Documents\projects\xai-lab\data\raw\ckplus\sadness\S080_005_00000011.png,162.18272399902344,96.22112274169922,3802.7109375
D:\Kebench\Documents\projects\xai-lab\data\raw\ckplus\happy\S100_006_00000015.png,137.83245849609375,67.23519897460938,2381.8818359375
D:\Kebench\Documents\projects\xai-lab\data\raw\ckplus\sadness\S138_007_00000009.png,130.63238525390625,78.7326889038086,2132.48779296875
D:\Kebench\Documents\projects\xai-lab\data\raw\ckplus\anger\S050_004_00000021.png,113.16580200195312,50.21040344238281,1694.5572509765625
D:\Kebench\Documents\projects\xai-lab\data\raw\ckplus\disgust\S011_005_00000019.png,92.50564575195312,52.309532165527344,1827.015625
D:\Kebench\Documents\projects\xai-lab\data\raw\ckplus\surprise\S081_001_00000018.png,165.40147399902344,69.71737670898438,4973.685546875
D:\Kebench\Documents\projects\xai-lab\data\raw\ckplus\anger\S117_006_00000008.png,141.12673950195312,73.07565307617188,2306.107666015625
D:\Kebench\Documents\projects\xai-lab\data\raw\ckplus\happy\S053_004_00000024.png,136.12283325195312,78.33308410644531,3362.6171875
D:\Kebench\Documents\projects\xai-lab\data\raw\ckplus\fear\S119_003_00000023.png,73.21744537353516,42.48099899291992,1362.1458740234375
D:\Kebench\Documents\projects\xai-lab\data\raw\ckplus\sadness\S014_002_00000014.png,89.16883850097656,60.09160232543945,2424.0615234375
D:\Kebench\Documents\projects\xai-lab\data\raw\ckplus\sadness\S042_002_00000015.png,170.2174530029297,68.69035339355469,3956.09814453125
D:\Kebench\Documents\projects\xai-lab\data\raw\ckplus\fear\S102_003_00000016.png,84.67794799804688,45.824623107910156,1154.8072509765625
D:\Kebench\Documents\projects\xai-lab\data\raw\ckplus\disgust\S124_006_00000009.png,88.26779174804688,67.95243072509766,1362.3602294921875
D:\Kebench\Documents\projects\xai-lab\data\raw\ckplus\surprise\S062_002_00000016.png,153.81336975097656,73.20181274414062,2511.994873046875
D:\Kebench\Documents\projects\xai-lab\data\raw\ckplus\sadness\S505_006_00000019.png,116.00564575195312,39.13084030151367,1187.220458984375
D:\Kebench\Documents\projects\xai-lab\data\raw\ckplus\surprise\S054_003_00000005.png,148.79254150390625,71.9728012084961,2123.15283203125
D:\Kebench\Documents\projects\xai-lab\data\raw\ckplus\disgust\S125_008_00000008.png,139.1588592529297,72.31413269042969,1712.8350830078125
D:\Kebench\Documents\projects\xai-lab\data\raw\ckplus\anger\S100_005_00000021.png,135.7135467529297,67.92977905273438,2145.947998046875
D:\Kebench\Documents\projects\xai-lab\data\raw\ckplus\surprise\S065_003_00000022.png,104.63107299804688,72.91783142089844,2189.712646484375
D:\Kebench\Documents\projects\xai-lab\data\raw\ckplus\surprise\S037_001_00000019.png,180.06163024902344,77.43244171142578,4416.15625
D:\Kebench\Documents\projects\xai-lab\data\raw\ckplus\anger\S037_003_00000021.png,182.38671875,76.87228393554688,3726.4228515625
D:\Kebench\Documents\projects\xai-lab\data\raw\ckplus\surprise\S117_001_00000014.png,122.25477600097656,67.08926391601562,2146.91064453125
D:\Kebench\Documents\projects\xai-lab\data\raw\ckplus\sadness\S026_002_00000016.png,81.06206512451172,47.302520751953125,1594.1302490234375
D:\Kebench\Documents\projects\xai-lab\data\raw\ckplus\disgust\S011_005_00000018.png,91.97135162353516,51.38294982910156,1914.5078125
D:\Kebench\Documents\projects\xai-lab\data\raw\ckplus\anger\S100_005_00000023.png,136.77560424804688,67.44750213623047,2132.059814453125
D:\Kebench\Documents\projects\xai-lab\data\raw\ckplus\contempt\S157_002_00000011.png,183.65017700195312,43.06642532348633,1706.1015625
D:\Kebench\Documents\projects\xai-lab\data\raw\ckplus\disgust\S068_005_00000021.png,152.23654174804688,86.78651428222656,2703.00341796875
D:\Kebench\Documents\projects\xai-lab\data\raw\ckplus\surprise\S090_002_00000009.png,110.62369537353516,74.29235076904297,2690.4384765625
D:\Kebench\Documents\projects\xai-lab\data\raw\ckplus\disgust\S095_006_00000012.png,133.2291717529297,39.098716735839844,643.790771484375
D:\Kebench\Documents\projects\xai-lab\data\raw\ckplus\disgust\S046_004_00000015.png,175.72178649902344,77.4183578491211,3498.2578125
D:\Kebench\Documents\projects\xai-lab\data\raw\ckplus\surprise\S053_001_00000023.png,130.94879150390625,78.22600555419922,2863.798583984375
D:\Kebench\Documents\projects\xai-lab\data\raw\ckplus\disgust\S099_007_00000011.png,167.87457275390625,68.8492431640625,2659.5634765625
D:\Kebench\Documents\projects\xai-lab\data\raw\ckplus\surprise\S133_009_00000004.png,127.3671875,70.45484924316406,3239.463623046875
D:\Kebench\Documents\projects\xai-lab\data\raw\ckplus\happy\S130_013_00000015.png,102.82855987548828,59.70602798461914,1595.6380615234375
D:\Kebench\Documents\projects\xai-lab\data\raw\ckplus\happy\S092_004_00000022.png,155.03125,68.8030014038086,2057.87158203125
D:\Kebench\Documents\projects\xai-lab\data\raw\ckplus\fear\S054_002_00000014.png,153.0533905029297,71.58545684814453,2467.427001953125
D:\Kebench\Documents\projects\xai-lab\data\raw\ckplus\anger\S058_005_00000008.png,149.53948974609375,70.70320892333984,2233.84033203125
D:\Kebench\Documents\projects\xai-lab\data\raw\ckplus\anger\S133_003_00000047.png,129.24176025390625,67.97679138183594,2788.205810546875
D:\Kebench\Documents\projects\xai-lab\data\raw\ckplus\surprise\S060_003_00000016.png,133.6549530029297,79.8099136352539,2900.87939453125
D:\Kebench\Documents\projects\xai-lab\data\raw\ckplus\surprise\S063_001_00000012.png,147.84982299804688,83.20440673828125,3186.786376953125
D:\Kebench\Documents\projects\xai-lab\data\raw\ckplus\anger\S029_001_00000019.png,48.29383850097656,32.8853759765625,962.5885620117188
D:\Kebench\Documents\projects\xai-lab\data\raw\ckplus\sadness\S011_002_00000021.png,88.96310424804688,52.10175323486328,2482.75341796875
D:\Kebench\Documents\projects\xai-lab\data\raw\ckplus\happy\S071_005_00000021.png,154.58984375,66.50697326660156,2450.228271484375
D:\Kebench\Documents\projects\xai-lab\data\raw\ckplus\fear\S501_004_00000056.png,103.88150787353516,47.93117904663086,2016.3038330078125
D:\Kebench\Documents\projects\xai-lab\data\raw\ckplus\surprise\S132_008_00000008.png,104.04730987548828,53.09996795654297,1334.2100830078125
D:\Kebench\Documents\projects\xai-lab\data\raw\ckplus\surprise\S042_001_00000018.png,171.01345825195312,68.60588836669922,4024.3203125
D:\Kebench\Documents\projects\xai-lab\data\raw\ckplus\happy\S061_002_00000015.png,136.38629150390625,87.72600555419922,3282.3115234375
D:\Kebench\Documents\projects\xai-lab\data\raw\ckplus\surprise\S067_002_00000012.png,105.00477600097656,64.3250732421875,2215.895751953125
D:\Kebench\Documents\projects\xai-lab\data\raw\ckplus\happy\S125_005_00000012.png,134.16232299804688,73.93827819824219,2130.817626953125
D:\Kebench\Documents\projects\xai-lab\data\raw\ckplus\fear\S125_006_00000020.png,124.47222137451172,73.84040069580078,2811.83154296875
D:\Kebench\Documents\projects\xai-lab\data\raw\ckplus\happy\S079_004_00000026.png,98.41883850097656,61.576683044433594,2392.86376953125
D:\Kebench\Documents\projects\xai-lab\data\raw\ckplus\fear\S502_004_00000052.png,121.38671875,42.84417724609375,1610.501708984375
D:\Kebench\Documents\projects\xai-lab\data\raw\ckplus\happy\S116_007_00000016.png,142.78948974609375,62.57798767089844,2626.8125
D:\Kebench\Documents\projects\xai-lab\data\raw\ckplus\happy\S011_006_00000012.png,92.40711975097656,56.16201400756836,2385.150146484375
D:\Kebench\Documents\projects\xai-lab\data\raw\ckplus\sadness\S130_009_00000017.png,99.97699737548828,58.78889846801758,1980.4166259765625
D:\Kebench\Documents\projects\xai-lab\data\raw\ckplus\anger\S999_001_00000016.png,155.6119842529297,59.89485549926758,1275.1632080078125
D:\Kebench\Documents\projects\xai-lab\data\raw\ckplus\surprise\S077_001_00000027.png,134.20486450195312,90.61434936523438,2551.34033203125
D:\Kebench\Documents\projects\xai-lab\data\raw\ckplus\anger\S075_008_00000010.png,157.11502075195312,69.83296203613281,2712.489501953125
D:\Kebench\Documents\projects\xai-lab\data\raw\ckplus\surprise\S026_001_00000014.png,76.16536712646484,45.394813537597656,1209.107666015625
D:\Kebench\Documents\projects\xai-lab\data\raw\ckplus\anger\S109_003_00000016.png,153.87803649902344,72.51091003417969,2872.40625
D:\Kebench\Documents\projects\xai-lab\data\raw\ckplus\surprise\S076_001_00000017.png,129.60330200195312,72.65298461914062,2506.307373046875
D:\Kebench\Documents\projects\xai-lab\data\raw\ckplus\disgust\S107_005_00000011.png,135.52430725097656,57.27113342285156,1880.9913330078125
D:\Kebench\Documents\projects\xai-lab\data\raw\ckplus\surprise\S133_009_00000006.png,127.06423950195312,70.2983169555664,3057.4677734375
D:\Kebench\Documents\projects\xai-lab\data\raw\ckplus\surprise\S050_002_00000018.png,109.88368225097656,50.80821228027344,1812.89404296875
D:\Kebench\Documents\projects\xai-lab\data\raw\ckplus\anger\S112_005_00000016.png,75.39019012451172,41.49226379394531,891.1727294921875
D:\Kebench\Documents\projects\xai-lab\data\raw\ckplus\anger\S090_007_00000014.png,112.65972137451172,77.63589477539062,2105.1796875
D:\Kebench\Documents\projects\xai-lab\data\raw\ckplus\surprise\S067_002_00000014.png,104.85546875,64.12652587890625,2227.18310546875
D:\Kebench\Documents\projects\xai-lab\data\raw\ckplus\disgust\S105_008_00000010.png,151.71788024902344,68.53319549560547,2874.654541015625
D:\Kebench\Documents\projects\xai-lab\data\raw\ckplus\fear\S084_002_00000023.png,172.28863525390625,87.04400634765625,3993.1240234375
D:\Kebench\Documents\projects\xai-lab\data\raw\ckplus\happy\S060_002_00000026.png,137.02517700195312,81.74262237548828,2715.171875
D:\Kebench\Documents\projects\xai-lab\data\raw\ckplus\sadness\S071_002_00000018.png,156.0833282470703,66.58997344970703,2198.223876953125
D:\Kebench\Documents\projects\xai-lab\data\raw\ckplus\surprise\S097_001_00000020.png,149.0533905029297,73.51020812988281,4104.279296875
D:\Kebench\Documents\projects\xai-lab\data\raw\ckplus\happy\S056_004_00000019.png,131.8216094970703,81.14615631103516,3119.3447265625
D:\Kebench\Documents\projects\xai-lab\data\raw\ckplus\happy\S011_006_00000011.png,92.36111450195312,56.00473403930664,2367.1240234375
D:\Kebench\Documents\projects\xai-lab\data\raw\ckplus\surprise\S088_001_00000015.png,144.5690155029297,68.38837432861328,3768.0390625
D:\Kebench\Documents\projects\xai-lab\data\raw\ckplus\sadness\S501_006_00000039.png,105.40060424804688,46.11851119995117,1196.55126953125
D:\Kebench\Documents\projects\xai-lab\data\raw\ckplus\sadness\S131_003_00000024.png,158.60198974609375,74.4352035522461,2024.1414794921875
D:\Kebench\Documents\projects\xai-lab\data\raw\ckplus\happy\S124_007_00000024.png,93.70572662353516,71.13434600830078,1967.3671875
D:\Kebench\Documents\projects\xai-lab\data\raw\ckplus\disgust\S097_004_00000028.png,157.0078125,74.43668365478516,2818.005126953125
D:\Kebench\Documents\projects\xai-lab\data\raw\ckplus\surprise\S102_002_00000016.png,75.70442962646484,46.288917541503906,1108.599853515625
D:\Kebench\Documents\projects\xai-lab\data\raw\ckplus\contempt\S505_002_00000021.png,117.77300262451172,38.6900634765625,1051.125
D:\Kebench\Documents\projects\xai-lab\data\raw\ckplus\disgust\S071_006_00000013.png,157.90234375,64.6639633178711,2431.8037109375
D:\Kebench\Documents\projects\xai-lab\data\raw\ckplus\surprise\S074_002_00000015.png,136.4518280029297,88.05599212646484,2866.48779296875
D:\Kebench\Documents\projects\xai-lab\data\raw\ckplus\sadness\S113_003_00000013.png,151.37673950195312,79.3797836303711,3099.169189453125
D:\Kebench\Documents\projects\xai-lab\data\raw\ckplus\disgust\S071_006_00000014.png,160.6588592529297,64.36012268066406,2443.112060546875
D:\Kebench\Documents\projects\xai-lab\data\raw\ckplus\anger\S501_001_00000066.png,108.02213287353516,46.86006164550781,1270.685791015625
D:\Kebench\Documents\projects\xai-lab\data\raw\ckplus\surprise\S022_001_00000029.png,73.60243225097656,62.789363861083984,1634.80029296875
D:\Kebench\Documents\projects\xai-lab\data\raw\ckplus\disgust\S077_006_00000014.png,146.93663024902344,88.7668685913086,2401.673583984375
D:\Kebench\Documents\projects\xai-lab\data\raw\ckplus\surprise\S068_003_00000012.png,136.71961975097656,89.45404052734375,2694.776123046875
D:\Kebench\Documents\projects\xai-lab\data\raw\ckplus\anger\S134_003_00000009.png,99.74044799804688,55.17977523803711,1565.6649169921875
D:\Kebench\Documents\projects\xai-lab\data\raw\ckplus\surprise\S052_001_00000013.png,152.0299530029297,66.10931396484375,2244.01904296875
D:\Kebench\Documents\projects\xai-lab\data\raw\ckplus\anger\S134_003_00000011.png,99.87326049804688,54.91334533691406,1521.5416259765625
D:\Kebench\Documents\projects\xai-lab\data\raw\ckplus\sadness\S064_004_00000012.png,161.9947967529297,70.5257339477539,2597.192626953125
D:\Kebench\Documents\projects\xai-lab\data\raw\ckplus\happy\S124_007_00000023.png,92.55815887451172,71.34544372558594,1936.23095703125
D:\Kebench\Documents\projects\xai-lab\data\raw\ckplus\disgust\S070_005_00000016.png,117.04122924804688,71.17958068847656,2678.717041015625
D:\Kebench\Documents\projects\xai-lab\data\raw\ckplus\disgust\S081_008_00000010.png,172.66709899902344,71.77468872070312,4111.43994140625
D:\Kebench\Documents\projects\xai-lab\data\raw\ckplus\happy\S068_002_00000014.png,151.0299530029297,87.76203155517578,2772.9150390625
D:\Kebench\Documents\projects\xai-lab\data\raw\ckplus\fear\S132_003_00000023.png,107.21875,52.29304122924805,1670.368896484375
D:\Kebench\Documents\projects\xai-lab\data\raw\ckplus\sadness\S106_002_00000016.png,126.05121612548828,59.54378128051758,1972.462646484375
D:\Kebench\Documents\projects\xai-lab\data\raw\ckplus\anger\S087_007_00000014.png,131.57464599609375,51.59126663208008,2189.388916015625
D:\Kebench\Documents\projects\xai-lab\data\raw\ckplus\surprise\S026_001_00000015.png,76.44618225097656,45.7966423034668,1172.94189453125
D:\Kebench\Documents\projects\xai-lab\data\raw\ckplus\sadness\S113_003_00000015.png,150.66580200195312,79.37425231933594,3051.7490234375
D:\Kebench\Documents\projects\xai-lab\data\raw\ckplus\anger\S071_004_00000028.png,162.48480224609375,66.72295379638672,2166.5146484375
D:\Kebench\Documents\projects\xai-lab\data\raw\ckplus\happy\S067_005_00000022.png,111.82205200195312,65.1009292602539,1994.1041259765625
D:\Kebench\Documents\projects\xai-lab\data\raw\ckplus\anger\S055_004_00000026.png,156.51214599609375,68.34662628173828,2555.9296875
D:\Kebench\Documents\projects\xai-lab\data\raw\ckplus\disgust\S090_006_00000009.png,112.453125,74.80660247802734,2263.4931640625
D:\Kebench\Documents\projects\xai-lab\data\raw\ckplus\anger\S501_001_00000067.png,110.37022399902344,45.83238220214844,1286.8958740234375
D:\Kebench\Documents\projects\xai-lab\data\raw\ckplus\anger\S014_003_00000028.png,93.0078125,61.586341857910156,2250.95751953125
D:\Kebench\Documents\projects\xai-lab\data\raw\ckplus\surprise\S051_002_00000017.png,40.85763931274414,32.94523620605469,1095.78125
D:\Kebench\Documents\projects\xai-lab\data\raw\ckplus\disgust\S109_005_00000013.png,150.45355224609375,72.97196960449219,2797.51123046875
D:\Kebench\Documents\projects\xai-lab\data\raw\ckplus\anger\S082_005_00000017.png,194.1848907470703,61.729610443115234,2930.4150390625
D:\Kebench\Documents\projects\xai-lab\data\raw\ckplus\disgust\S080_008_00000008.png,167.8190155029297,94.68758392333984,3662.856689453125
D:\Kebench\Documents\projects\xai-lab\data\raw\ckplus\sadness\S131_003_00000023.png,157.54209899902344,74.2828369140625,2103.48876953125
D:\Kebench\Documents\projects\xai-lab\data\raw\ckplus\disgust\S108_006_00000019.png,130.7109375,66.88345336914062,2517.623291015625
D:\Kebench\Documents\projects\xai-lab\data\raw\ckplus\sadness\S501_006_00000041.png,104.99783325195312,46.26066589355469,1240.3585205078125
D:\Kebench\Documents\projects\xai-lab\data\raw\ckplus\disgust\S035_005_00000018.png,186.59201049804688,77.3333740234375,4469.40869140625
D:\Kebench\Documents\projects\xai-lab\data\raw\ckplus\surprise\S077_001_00000026.png,134.21875,90.79810333251953,2561.845458984375
D:\Kebench\Documents\projects\xai-lab\data\raw\ckplus\surprise\S081_001_00000017.png,164.5950469970703,69.5423355102539,4888.0
D:\Kebench\Documents\projects\xai-lab\data\raw\ckplus\sadness\S132_002_00000016.png,107.51996612548828,53.10767364501953,1148.83935546875
D:\Kebench\Documents\projects\xai-lab\data\raw\ckplus\anger\S032_003_00000017.png,147.26605224609375,68.19900512695312,2388.11279296875
D:\Kebench\Documents\projects\xai-lab\data\raw\ckplus\happy\S132_006_00000021.png,112.40277862548828,54.40970230102539,1609.4539794921875
D:\Kebench\Documents\projects\xai-lab\data\raw\ckplus\happy\S076_006_00000018.png,129.4231719970703,73.39708709716797,2534.58935546875
D:\Kebench\Documents\projects\xai-lab\data\raw\ckplus\surprise\S070_002_00000014.png,109.05078125,69.99079132080078,3304.4755859375
D:\Kebench\Documents\projects\xai-lab\data\raw\ckplus\happy\S072_006_00000021.png,145.54080200195312,84.00143432617188,3161.2802734375
D:\Kebench\Documents\projects\xai-lab\data\raw\ckplus\happy\S127_004_00000014.png,103.34722137451172,58.24216079711914,1337.3568115234375
D:\Kebench\Documents\projects\xai-lab\data\raw\ckplus\happy\S044_003_00000014.png,171.7890625,77.40333557128906,4852.8984375
D:\Kebench\Documents\projects\xai-lab\data\raw\ckplus\disgust\S062_005_00000029.png,162.12847900390625,71.9069595336914,3306.677001953125
D:\Kebench\Documents\projects\xai-lab\data\raw\ckplus\happy\S057_006_00000031.png,158.32725524902344,72.52449035644531,2635.877685546875
D:\Kebench\Documents\projects\xai-lab\data\raw\ckplus\surprise\S085_003_00000012.png,171.08203125,84.85345458984375,3698.970458984375
D:\Kebench\Documents\projects\xai-lab\data\raw\ckplus\surprise\S090_002_00000010.png,106.10633850097656,73.84082794189453,2660.262939453125
D:\Kebench\Documents\projects\xai-lab\data\raw\ckplus\contempt\S157_002_00000010.png,183.4296875,42.94717788696289,1717.24658203125
D:\Kebench\Documents\projects\xai-lab\data\raw\ckplus\disgust\S102_009_00000013.png,81.33637237548828,45.736717224121094,885.0008544921875
D:\Kebench\Documents\projects\xai-lab\data\raw\ckplus\disgust\S068_005_00000020.png,150.24566650390625,87.51563262939453,2581.650146484375
D:\Kebench\Documents\projects\xai-lab\data\raw\ckplus\fear\S091_001_00000015.png,172.80511474609375,77.06145477294922,2861.5634765625
D:\Kebench\Documents\projects\xai-lab\data\raw\ckplus\surprise\S063_001_00000011.png,145.39495849609375,82.76107025146484,2960.9072265625
D:\Kebench\Documents\projects\xai-lab\data\raw\ckplus\disgust\S073_006_00000012.png,102.92925262451172,62.75212478637695,3489.290771484375
D:\Kebench\Documents\projects\xai-lab\data\raw\ckplus\fear\S502_004_00000051.png,122.72830200195312,44.48604202270508,1671.2178955078125
D:\Kebench\Documents\projects\xai-lab\data\raw\ckplus\contempt\S503_002_00000008.png,107.41362762451172,35.59961700439453,1082.0911865234375
D:\Kebench\Documents\projects\xai-lab\data\raw\ckplus\surprise\S097_001_00000021.png,148.98394775390625,73.81584930419922,3986.76904296875
D:\Kebench\Documents\projects\xai-lab\data\raw\ckplus\fear\S504_004_00000014.png,108.17665100097656,54.43082809448242,1703.94970703125
D:\Kebench\Documents\projects\xai-lab\data\raw\ckplus\surprise\S011_001_00000015.png,92.81900787353516,57.2891960144043,2577.802001953125
D:\Kebench\Documents\projects\xai-lab\data\raw\ckplus\fear\S125_006_00000021.png,120.21180725097656,73.8779525756836,2943.028564453125
D:\Kebench\Documents\projects\xai-lab\data\raw\ckplus\happy\S106_006_00000011.png,126.37803649902344,61.042598724365234,2323.3994140625
D:\Kebench\Documents\projects\xai-lab\data\raw\ckplus\happy\S091_003_00000020.png,171.8671875,77.35652160644531,2861.59375
D:\Kebench\Documents\projects\xai-lab\data\raw\ckplus\disgust\S096_003_00000010.png,170.19140625,47.93375015258789,954.412353515625
D:\Kebench\Documents\projects\xai-lab\data\raw\ckplus\happy\S014_005_00000016.png,95.88584899902344,64.56275177001953,2582.78564453125
D:\Kebench\Documents\projects\xai-lab\data\raw\ckplus\happy\S086_002_00000014.png,182.17535400390625,82.47808837890625,3381.635498046875
D:\Kebench\Documents\projects\xai-lab\data\raw\ckplus\contempt\S158_002_00000009.png,151.05511474609375,63.242431640625,1434.78564453125
D:\Kebench\Documents\projects\xai-lab\data\raw\ckplus\happy\S137_011_00000020.png,137.76129150390625,62.7945556640625,2331.783935546875
D:\Kebench\Documents\projects\xai-lab\data\raw\ckplus\fear\S046_003_00000015.png,174.64410400390625,76.40898895263672,3742.596435546875
D:\Kebench\Documents\projects\xai-lab\data\raw\ckplus\disgust\S080_008_00000007.png,168.55035400390625,94.48391723632812,3711.118896484375
D:\Kebench\Documents\projects\xai-lab\data\raw\ckplus\happy\S128_011_00000016.png,71.83550262451172,47.792118072509766,1038.66748046875
D:\Kebench\Documents\projects\xai-lab\data\raw\ckplus\surprise\S102_002_00000017.png,75.61849212646484,46.16434097290039,1096.295166015625
D:\Kebench\Documents\projects\xai-lab\data\raw\ckplus\anger\S136_005_00000008.png,89.36415100097656,50.44437789916992,1058.3853759765625
D:\Kebench\Documents\projects\xai-lab\data\raw\ckplus\happy\S035_006_00000017.png,179.50997924804688,76.2079086303711,5076.84912109375
D:\Kebench\Documents\projects\xai-lab\data\raw\ckplus\fear\S055_006_00000008.png,157.64105224609375,67.43128967285156,2334.453125
D:\Kebench\Documents\projects\xai-lab\data\raw\ckplus\happy\S099_004_00000015.png,158.46136474609375,70.73929595947266,3069.044189453125
D:\Kebench\Documents\projects\xai-lab\data\raw\ckplus\contempt\S149_002_00000011.png,126.55078125,44.712703704833984,1746.459228515625
D:\Kebench\Documents\projects\xai-lab\data\raw\ckplus\anger\S066_005_00000011.png,152.34158325195312,83.89170837402344,1777.490478515625
D:\Kebench\Documents\projects\xai-lab\data\raw\ckplus\contempt\S160_006_00000009.png,118.63411712646484,37.04231262207031,625.2551879882812
D:\Kebench\Documents\projects\xai-lab\data\raw\ckplus\fear\S050_001_00000016.png,110.67491149902344,50.062110900878906,1720.65966796875
D:\Kebench\Documents\projects\xai-lab\data\raw\ckplus\sadness\S130_009_00000018.png,99.21397399902344,58.88088607788086,1989.1015625
D:\Kebench\Documents\projects\xai-lab\data\raw\ckplus\happy\S093_004_00000015.png,142.59939575195312,72.82228088378906,2907.807373046875
D:\Kebench\Documents\projects\xai-lab\data\raw\ckplus\disgust\S134_008_00000012.png,103.53775787353516,55.230735778808594,1608.9349365234375
D:\Kebench\Documents\projects\xai-lab\data\raw\ckplus\happy\S050_006_00000022.png,113.86371612548828,51.47565841674805,1805.8975830078125
D:\Kebench\Documents\projects\xai-lab\data\raw\ckplus\anger\S028_001_00000022.png,166.99435424804688,84.98757934570312,3719.06591796875
D:\Kebench\Documents\projects\xai-lab\data\raw\ckplus\fear\S132_003_00000022.png,104.80642700195312,53.12224578857422,1679.204833984375
D:\Kebench\Documents\projects\xai-lab\data\raw\ckplus\happy\S095_007_00000021.png,110.83550262451172,59.7973518371582,1535.740478515625
D:\Kebench\Documents\projects\xai-lab\data\raw\ckplus\anger\S126_008_00000027.png,79.88194274902344,37.78022766113281,946.9296875
D:\Kebench\Documents\projects\xai-lab\data\raw\ckplus\disgust\S132_005_00000016.png,111.33116149902344,51.625858306884766,1212.94970703125
D:\Kebench\Documents\projects\xai-lab\data\raw\ckplus\anger\S072_005_00000018.png,150.84201049804688,79.09809875488281,2826.420166015625
D:\Kebench\Documents\projects\xai-lab\data\raw\ckplus\disgust\S057_003_00000013.png,155.69618225097656,72.21034240722656,2362.506103515625
D:\Kebench\Documents\projects\xai-lab\data\raw\ckplus\surprise\S061_001_00000011.png,124.43228912353516,82.79485321044922,2874.512939453125
D:\Kebench\Documents\projects\xai-lab\data\raw\ckplus\surprise\S136_001_00000017.png,78.50694274902344,47.88695526123047,1079.134521484375
D:\Kebench\Documents\projects\xai-lab\data\raw\ckplus\surprise\S126_004_00000010.png,68.30294799804688,37.58235549926758,1030.07470703125
D:\Kebench\Documents\projects\xai-lab\data\raw\ckplus\surprise\S135_001_00000038.png,160.00694274902344,62.706485748291016,3156.0859375
D:\Kebench\Documents\projects\xai-lab\data\raw\ckplus\surprise\S058_001_00000019.png,140.74913024902344,66.93257904052734,2227.86279296875
D:\Kebench\Documents\projects\xai-lab\data\raw\ckplus\contempt\S138_008_00000009.png,137.16709899902344,77.96184539794922,2181.28466796875
D:\Kebench\Documents\projects\xai-lab\data\raw\ckplus\disgust\S129_011_00000017.png,117.89713287353516,63.07036209106445,2023.771728515625
D:\Kebench\Documents\projects\xai-lab\data\raw\ckplus\fear\S050_001_00000017.png,109.58810424804688,49.760494232177734,1647.2430419921875
D:\Kebench\Documents\projects\xai-lab\data\raw\ckplus\disgust\S134_008_00000011.png,103.78385162353516,54.9845085144043,1589.00341796875
D:\Kebench\Documents\projects\xai-lab\data\raw\ckplus\disgust\S054_004_00000024.png,150.9609375,70.30986785888672,2094.0537109375
D:\Kebench\Documents\projects\xai-lab\data\raw\ckplus\sadness\S506_006_00000042.png,103.88758850097656,42.29030990600586,1439.052978515625
D:\Kebench\Documents\projects\xai-lab\data\raw\ckplus\happy\S057_006_00000033.png,159.80381774902344,72.51564025878906,2672.7490234375
D:\Kebench\Documents\projects\xai-lab\data\raw\ckplus\surprise\S035_001_00000013.png,176.46051025390625,74.87023162841797,4067.95654296875
D:\Kebench\Documents\projects\xai-lab\data\raw\ckplus\happy\S079_004_00000025.png,96.79036712646484,61.54625701904297,2442.403564453125
D:\Kebench\Documents\projects\xai-lab\data\raw\ckplus\surprise\S066_002_00000020.png,126.20269012451172,84.2428207397461,2109.0771484375
D:\Kebench\Documents\projects\xai-lab\data\raw\ckplus\happy\S068_002_00000015.png,147.98046875,88.52201843261719,2775.1552734375
D:\Kebench\Documents\projects\xai-lab\data\raw\ckplus\happy\S062_004_00000023.png,151.54254150390625,74.93270111083984,3381.78466796875
D:\Kebench\Documents\projects\xai-lab\data\raw\ckplus\disgust\S106_004_00000008.png,134.37977600097656,61.79311752319336,2166.153564453125
D:\Kebench\Documents\projects\xai-lab\data\raw\ckplus\sadness\S125_001_00000014.png,129.8125,73.2119369506836,1839.06689453125
D:\Kebench\Documents\projects\xai-lab\data\raw\ckplus\happy\S094_004_00000010.png,90.39713287353516,50.217777252197266,1172.43310546875
D:\Kebench\Documents\projects\xai-lab\data\raw\ckplus\happy\S083_003_00000018.png,178.41448974609375,70.5444107055664,3989.6728515625
D:\Kebench\Documents\projects\xai-lab\data\raw\ckplus\anger\S112_005_00000015.png,76.27777862548828,41.27893829345703,875.7847290039062
D:\Kebench\Documents\projects\xai-lab\data\raw\ckplus\disgust\S131_010_00000017.png,167.30685424804688,69.63519287109375,2092.56689453125
D:\Kebench\Documents\projects\xai-lab\data\raw\ckplus\disgust\S061_004_00000022.png,138.28558349609375,84.28677368164062,2617.890625
D:\Kebench\Documents\projects\xai-lab\data\raw\ckplus\disgust\S095_006_00000013.png,132.33377075195312,39.11151123046875,645.2395629882812
D:\Kebench\Documents\projects\xai-lab\data\raw\ckplus\happy\S133_010_00000012.png,127.82205200195312,70.75517272949219,3235.7890625
D:\Kebench\Documents\projects\xai-lab\data\raw\ckplus\anger\S045_005_00000030.png,129.15582275390625,55.097347259521484,3003.6396484375
D:\Kebench\Documents\projects\xai-lab\data\raw\ckplus\surprise\S052_001_00000015.png,152.1770782470703,65.87147521972656,2256.8349609375
D:\Kebench\Documents\projects\xai-lab\data\raw\ckplus\anger\S504_001_00000020.png,100.03341674804688,45.374229431152344,1656.09814453125
D:\Kebench\Documents\projects\xai-lab\data\raw\ckplus\surprise\S058_001_00000020.png,140.00823974609375,66.96666717529297,2210.7177734375
D:\Kebench\Documents\projects\xai-lab\data\raw\ckplus\surprise\S050_002_00000016.png,109.64887237548828,50.564884185791016,1782.9400634765625
D:\Kebench\Documents\projects\xai-lab\data\raw\ckplus\fear\S504_004_00000015.png,106.78168487548828,53.25556182861328,1651.251708984375
D:\Kebench\Documents\projects\xai-lab\data\raw\ckplus\surprise\S119_001_00000009.png,75.94487762451172,43.281097412109375,1268.404541015625
D:\Kebench\Documents\projects\xai-lab\data\raw\ckplus\happy\S132_006_00000023.png,110.12760162353516,54.8568000793457,1593.35595703125
D:\Kebench\Documents\projects\xai-lab\data\raw\ckplus\anger\S127_010_00000016.png,102.74349212646484,56.981666564941406,1167.256103515625
D:\Kebench\Documents\projects\xai-lab\data\raw\ckplus\contempt\S149_002_00000012.png,126.44184112548828,44.471431732177734,1748.295166015625
D:\Kebench\Documents\projects\xai-lab\data\raw\ckplus\disgust\S061_004_00000021.png,138.41796875,84.34563446044922,2563.65283203125
D:\Kebench\Documents\projects\xai-lab\data\raw\ckplus\surprise\S127_001_00000017.png,90.84896087646484,55.73488998413086,1271.63720703125
D:\Kebench\Documents\projects\xai-lab\data\raw\ckplus\disgust\S061_004_00000020.png,137.44747924804688,84.32815551757812,2602.10498046875
D:\Kebench\Documents\projects\xai-lab\data\raw\ckplus\anger\S113_008_00000022.png,155.61761474609375,77.35560607910156,2309.032958984375
D:\Kebench\Documents\projects\xai-lab\data\raw\ckplus\surprise\S092_001_00000017.png,145.21832275390625,66.96562957763672,2572.4775390625
D:\Kebench\Documents\projects\xai-lab\data\raw\ckplus\happy\S064_003_00000025.png,161.99696350097656,70.79878997802734,3287.64501953125
D:\Kebench\Documents\projects\xai-lab\data\raw\ckplus\surprise\S092_001_00000015.png,145.8880157470703,67.13037109375,2606.782958984375
D:\Kebench\Documents\projects\xai-lab\data\raw\ckplus\disgust\S134_008_00000013.png,102.76258850097656,55.33306121826172,1654.7178955078125
D:\Kebench\Documents\projects\xai-lab\data\raw\ckplus\contempt\S895_002_00000006.png,117.67534637451172,52.79795837402344,1234.95654296875
D:\Kebench\Documents\projects\xai-lab\data\raw\ckplus\sadness\S136_003_00000012.png,97.46440887451172,53.8709602355957,1231.4852294921875
D:\Kebench\Documents\projects\xai-lab\data\raw\ckplus\disgust\S055_003_00000007.png,160.3697967529297,68.01838684082031,2463.103271484375
D:\Kebench\Documents\projects\xai-lab\data\raw\ckplus\sadness\S503_006_00000019.png,109.79080200195312,36.31727981567383,1078.3724365234375
D:\Kebench\Documents\projects\xai-lab\data\raw\ckplus\happy\S079_004_00000024.png,96.54383850097656,61.2700080871582,2460.348876953125
D:\Kebench\Documents\projects\xai-lab\data\raw\ckplus\surprise\S124_001_00000012.png,96.35763549804688,73.40035247802734,2201.893310546875
D:\Kebench\Documents\projects\xai-lab\data\raw\ckplus\happy\S099_004_00000014.png,158.88671875,70.67328643798828,2984.2509765625
D:\Kebench\Documents\projects\xai-lab\data\raw\ckplus\happy\S053_004_00000022.png,136.22872924804688,78.17179107666016,3319.0234375
D:\Kebench\Documents\projects\xai-lab\data\raw\ckplus\surprise\S101_002_00000018.png,150.15408325195312,71.48051452636719,1880.59814453125
D:\Kebench\Documents\projects\xai-lab\data\raw\ckplus\happy\S037_006_00000019.png,180.4947967529297,74.12894439697266,4821.3681640625
D:\Kebench\Documents\projects\xai-lab\data\raw\ckplus\sadness\S014_002_00000015.png,88.46831512451172,60.121742248535156,2399.060791015625
D:\Kebench\Documents\projects\xai-lab\data\raw\ckplus\contempt\S506_002_00000007.png,108.35720825195312,41.165733337402344,1255.08154296875
D:\Kebench\Documents\projects\xai-lab\data\raw\ckplus\disgust\S079_002_00000011.png,60.73741149902344,43.465911865234375,1095.4774169921875
D:\Kebench\Documents\projects\xai-lab\data\raw\ckplus\disgust\S082_007_00000008.png,195.73480224609375,60.25065231323242,2735.37939453125
D:\Kebench\Documents\projects\xai-lab\data\raw\ckplus\surprise\S064_001_00000012.png,162.89453125,68.06072235107422,2507.841064453125
D:\Kebench\Documents\projects\xai-lab\data\raw\ckplus\happy\S076_006_00000019.png,130.5612030029297,73.63712310791016,2424.895751953125
D:\Kebench\Documents\projects\xai-lab\data\raw\ckplus\surprise\S014_001_00000029.png,89.74131774902344,65.18800354003906,2620.3046875
D:\Kebench\Documents\projects\xai-lab\data\raw\ckplus\surprise\S113_001_00000010.png,135.34548950195312,77.97982788085938,2895.731689453125
D:\Kebench\Documents\projects\xai-lab\data\raw\ckplus\happy\S068_002_00000013.png,148.65408325195312,88.47817993164062,2743.01904296875
D:\Kebench\Documents\projects\xai-lab\data\raw\ckplus\disgust\S085_004_00000017.png,181.2669219970703,84.47120666503906,3947.03125
D:\Kebench\Documents\projects\xai-lab\data\raw\ckplus\anger\S129_006_00000010.png,123.45095825195312,65.10071563720703,2034.443603515625
D:\Kebench\Documents\projects\xai-lab\data\raw\ckplus\happy\S075_006_00000025.png,150.21788024902344,70.65161895751953,2969.114501953125
D:\Kebench\Documents\projects\xai-lab\data\raw\ckplus\surprise\S069_002_00000012.png,131.35459899902344,71.05797576904297,3029.81591796875
D:\Kebench\Documents\projects\xai-lab\data\raw\ckplus\surprise\S132_008_00000009.png,103.54861450195312,52.97787857055664,1371.5650634765625
D:\Kebench\Documents\projects\xai-lab\data\raw\ckplus\fear\S046_003_00000014.png,176.46484375,76.11031341552734,3669.8583984375
D:\Kebench\Documents\projects\xai-lab\data\raw\ckplus\surprise\S064_001_00000011.png,162.26129150390625,67.8559341430664,2556.806396484375
D:\Kebench\Documents\projects\xai-lab\data\raw\ckplus\fear\S117_003_00000012.png,144.15667724609375,71.93709564208984,2166.998291015625
D:\Kebench\Documents\projects\xai-lab\data\raw\ckplus\disgust\S108_006_00000018.png,131.2604217529297,67.14776611328125,2473.62841796875
D:\Kebench\Documents\projects\xai-lab\data\raw\ckplus\surprise\S138_004_00000011.png,129.60459899902344,79.123291015625,2542.005126953125
D:\Kebench\Documents\projects\xai-lab\data\raw\ckplus\happy\S053_004_00000023.png,135.8450469970703,78.47410583496094,3437.69970703125
D:\Kebench\Documents\projects\xai-lab\data\raw\ckplus\disgust\S060_005_00000019.png,138.8046875,81.2658462524414,2723.62158203125
D:\Kebench\Documents\projects\xai-lab\data\raw\ckplus\anger\S042_004_00000019.png,174.44444274902344,68.30724334716797,3642.4931640625
D:\Kebench\Documents\projects\xai-lab\data\raw\ckplus\fear\S091_001_00000013.png,175.41622924804688,76.30738830566406,2784.532958984375
D:\Kebench\Documents\projects\xai-lab\data\raw\ckplus\happy\S075_006_00000024.png,150.1783905029297,70.70489501953125,3134.107666015625
D:\Kebench\Documents\projects\xai-lab\data\raw\ckplus\anger\S119_008_00000017.png,103.00043487548828,48.40497970581055,1376.9166259765625
D:\Kebench\Documents\projects\xai-lab\data\raw\ckplus\happy\S109_006_00000013.png,145.95138549804688,73.785888671875,3051.907958984375
D:\Kebench\Documents\projects\xai-lab\data\raw\ckplus\fear\S074_001_00000018.png,140.21917724609375,88.6325454711914,3065.041748046875
D:\Kebench\Documents\projects\xai-lab\data\raw\ckplus\happy\S115_008_00000016.png,108.96050262451172,74.31704711914062,2543.653564453125
D:\Kebench\Documents\projects\xai-lab\data\raw\ckplus\sadness\S504_006_00000016.png,101.42752075195312,47.5299072265625,1847.1614990234375
D:\Kebench\Documents\projects\xai-lab\data\raw\ckplus\surprise\S129_002_00000010.png,129.6979217529297,52.54798126220703,1258.375
D:\Kebench\Documents\projects\xai-lab\data\raw\ckplus\happy\S106_006_00000010.png,126.69227600097656,61.08684158325195,2305.94873046875
D:\Kebench\Documents\projects\xai-lab\data\raw\ckplus\contempt\S149_002_00000013.png,126.34244537353516,44.68918991088867,1761.9600830078125
D:\Kebench\Documents\projects\xai-lab\data\raw\ckplus\happy\S089_002_00000020.png,183.63584899902344,74.08360290527344,4818.78125
D:\Kebench\Documents\projects\xai-lab\data\raw\ckplus\surprise\S057_001_00000018.png,151.55816650390625,71.1977310180664,2578.57373046875
D:\Kebench\Documents\projects\xai-lab\data\raw\ckplus\happy\S114_006_00000022.png,161.36154174804688,63.312625885009766,2034.8992919921875
D:\Kebench\Documents\projects\xai-lab\data\raw\ckplus\disgust\S045_004_00000015.png,136.7578125,58.38037109375,3333.16748046875
D:\Kebench\Documents\projects\xai-lab\data\raw\ckplus\surprise\S082_001_00000014.png,184.0143280029297,64.9036865234375,3881.482666015625
D:\Kebench\Documents\projects\xai-lab\data\raw\ckplus\happy\S138_005_00000016.png,137.26995849609375,79.22154998779297,2461.740478515625
D:\Kebench\Documents\projects\xai-lab\data\raw\ckplus\happy\S032_006_00000014.png,140.24261474609375,68.3040542602539,2990.368896484375
D:\Kebench\Documents\projects\xai-lab\data\raw\ckplus\surprise\S122_001_00000010.png,136.58984375,73.47321319580078,2277.2255859375
D:\Kebench\Documents\projects\xai-lab\data\raw\ckplus\anger\S055_004_00000027.png,156.04296875,68.61762237548828,2558.111083984375
D:\Kebench\Documents\projects\xai-lab\data\raw\ckplus\disgust\S109_005_00000012.png,144.40147399902344,73.80864715576172,2643.8271484375
D:\Kebench\Documents\projects\xai-lab\data\raw\ckplus\anger\S072_005_00000017.png,150.03819274902344,79.33214569091797,2888.473876953125
D:\Kebench\Documents\projects\xai-lab\data\raw\ckplus\sadness\S095_010_00000012.png,132.35113525390625,38.51824188232422,599.0633544921875
D:\Kebench\Documents\projects\xai-lab\data\raw\ckplus\surprise\S065_003_00000020.png,105.84158325195312,72.7964096069336,2102.4150390625
D:\Kebench\Documents\projects\xai-lab\data\raw\ckplus\anger\S999_001_00000018.png,159.46051025390625,57.571990966796875,1184.842041015625
D:\Kebench\Documents\projects\xai-lab\data\raw\ckplus\happy\S094_004_00000012.png,90.19271087646484,50.29052734375,1171.861083984375
D:\Kebench\Documents\projects\xai-lab\data\raw\ckplus\surprise\S125_007_00000008.png,125.51605987548828,73.56298828125,2307.682373046875
D:\Kebench\Documents\projects\xai-lab\data\raw\ckplus\happy\S011_006_00000013.png,92.3125,56.60502624511719,2299.9912109375
D:\Kebench\Documents\projects\xai-lab\data\raw\ckplus\surprise\S138_004_00000012.png,133.78298950195312,78.50617218017578,2530.134521484375
D:\Kebench\Documents\projects\xai-lab\data\raw\ckplus\fear\S062_001_00000017.png,160.32118225097656,73.20380401611328,2894.380126953125
D:\Kebench\Documents\projects\xai-lab\data\raw\ckplus\disgust\S116_006_00000007.png,143.3502655029297,61.49665451049805,2200.388916015625
D:\Kebench\Documents\projects\xai-lab\data\raw\ckplus\surprise\S056_003_00000009.png,126.63237762451172,74.87647247314453,3282.4443359375
D:\Kebench\Documents\projects\xai-lab\data\raw\ckplus\surprise\S059_001_00000018.png,151.15017700195312,62.80857849121094,1950.86376953125
D:\Kebench\Documents\projects\xai-lab\data\raw\ckplus\surprise\S084_001_00000010.png,170.01345825195312,84.98807525634766,4367.587890625
D:\Kebench\Documents\projects\xai-lab\data\raw\ckplus\happy\S057_006_00000032.png,159.6341094970703,72.5584945678711,2662.4609375
D:\Kebench\Documents\projects\xai-lab\data\raw\ckplus\sadness\S046_001_00000025.png,170.375,78.98863220214844,3934.9287109375
D:\Kebench\Documents\projects\xai-lab\data\raw\ckplus\surprise\S066_002_00000021.png,127.58377075195312,84.22212982177734,2105.704833984375
D:\Kebench\Documents\projects\xai-lab\data\raw\ckplus\anger\S082_005_00000015.png,194.1471405029297,61.94154357910156,2888.0693359375
D:\Kebench\Documents\projects\xai-lab\data\raw\ckplus\happy\S074_005_00000043.png,144.65408325195312,87.59534454345703,3164.756103515625
D:\Kebench\Documents\projects\xai-lab\data\raw\ckplus\anger\S010_004_00000019.png,82.64236450195312,62.15968704223633,3004.439208984375
D:\Kebench\Documents\projects\xai-lab\data\raw\ckplus\surprise\S138_004_00000013.png,132.17491149902344,78.78111267089844,2534.57373046875
D:\Kebench\Documents\projects\xai-lab\data\raw\ckplus\anger\S067_004_00000022.png,115.70269012451172,64.88009643554688,2212.22314453125
D:\Kebench\Documents\projects\xai-lab\data\raw\ckplus\contempt\S155_002_00000010.png,112.26388549804688,40.45070266723633,630.8619995117188
D:\Kebench\Documents\projects\xai-lab\data\raw\ckplus\fear\S102_003_00000015.png,83.68489837646484,46.272430419921875,1158.2239990234375
D:\Kebench\Documents\projects\xai-lab\data\raw\ckplus\anger\S999_001_00000017.png,157.82247924804688,58.61048126220703,1209.232666015625
D:\Kebench\Documents\projects\xai-lab\data\raw\ckplus\contempt\S139_002_00000013.png,157.6328125,47.44795608520508,1291.013916015625
D:\Kebench\Documents\projects\xai-lab\data\raw\ckplus\surprise\S046_002_00000004.png,167.16015625,78.03134155273438,3374.950439453125
D:\Kebench\Documents\projects\xai-lab\data\raw\ckplus\contempt\S895_002_00000005.png,117.79209899902344,52.68763732910156,1229.08154296875
D:\Kebench\Documents\projects\xai-lab\data\raw\ckplus\sadness\S505_006_00000018.png,115.27474212646484,39.95899200439453,1195.9036865234375
D:\Kebench\Documents\projects\xai-lab\data\raw\ckplus\sadness\S501_006_00000040.png,104.77864837646484,46.40118408203125,1221.7491455078125
D:\Kebench\Documents\projects\xai-lab\data\raw\ckplus\sadness\S064_004_00000013.png,162.33377075195312,70.25312042236328,2564.493896484375
D:\Kebench\Documents\projects\xai-lab\data\raw\ckplus\surprise\S055_001_00000012.png,150.8098907470703,65.93626403808594,2024.8194580078125
D:\Kebench\Documents\projects\xai-lab\data\raw\ckplus\surprise\S044_001_00000022.png,167.6744842529297,75.9105453491211,4662.4443359375
D:\Kebench\Documents\projects\xai-lab\data\raw\ckplus\sadness\S093_001_00000018.png,137.57247924804688,70.73971557617188,2566.326416015625
D:\Kebench\Documents\projects\xai-lab\data\raw\ckplus\surprise\S075_002_00000013.png,143.86544799804688,68.69397735595703,3067.19970703125
D:\Kebench\Documents\projects\xai-lab\data\raw\ckplus\anger\S034_003_00000025.png,180.7721405029297,89.32833862304688,2593.907958984375
D:\Kebench\Documents\projects\xai-lab\data\raw\ckplus\disgust\S081_008_00000009.png,172.26475524902344,71.95570373535156,4028.41845703125
D:\Kebench\Documents\projects\xai-lab\data\raw\ckplus\contempt\S155_002_00000011.png,111.63368225097656,40.48076248168945,643.525146484375
D:\Kebench\Documents\projects\xai-lab\data\raw\ckplus\happy\S061_002_00000014.png,136.54122924804688,87.56268310546875,3203.432373046875
D:\Kebench\Documents\projects\xai-lab\data\raw\ckplus\happy\S072_006_00000020.png,144.6875,84.07686614990234,3136.525146484375
D:\Kebench\Documents\projects\xai-lab\data\raw\ckplus\surprise\S125_007_00000009.png,126.64453125,74.42298126220703,2596.341064453125
D:\Kebench\Documents\projects\xai-lab\data\raw\ckplus\anger\S501_001_00000065.png,109.22135162353516,46.44907760620117,1323.06689453125
D:\Kebench\Documents\projects\xai-lab\data\raw\ckplus\happy\S066_003_00000012.png,141.61111450195312,86.0015640258789,2056.473876953125
D:\Kebench\Documents\projects\xai-lab\data\raw\ckplus\happy\S096_004_00000011.png,154.39756774902344,75.42994689941406,2363.19091796875
D:\Kebench\Documents\projects\xai-lab\data\raw\ckplus\surprise\S100_002_00000014.png,124.75086975097656,67.01580047607422,2004.16748046875
D:\Kebench\Documents\projects\xai-lab\data\raw\ckplus\sadness\S081_002_00000022.png,164.45008850097656,72.0878677368164,3971.170166015625
D:\Kebench\Documents\projects\xai-lab\data\raw\ckplus\surprise\S061_001_00000012.png,124.83029174804688,82.73011779785156,2896.1171875
D:\Kebench\Documents\projects\xai-lab\data\raw\ckplus\sadness\S137_005_00000027.png,137.90972900390625,63.94541931152344,2545.411376953125
D:\Kebench\Documents\projects\xai-lab\data\raw\ckplus\surprise\S034_001_00000028.png,160.12022399902344,89.20460510253906,3474.5927734375
D:\Kebench\Documents\projects\xai-lab\data\raw\ckplus\disgust\S067_006_00000011.png,113.76302337646484,64.18073272705078,1812.334228515625
D:\Kebench\Documents\projects\xai-lab\data\raw\ckplus\surprise\S087_001_00000010.png,118.47872924804688,53.14081954956055,2584.2255859375
D:\Kebench\Documents\projects\xai-lab\data\raw\ckplus\happy\S035_006_00000016.png,181.19140625,76.45585632324219,4879.0771484375
D:\Kebench\Documents\projects\xai-lab\data\raw\ckplus\surprise\S095_001_00000014.png,100.78559112548828,59.80455017089844,1545.212646484375
D:\Kebench\Documents\projects\xai-lab\data\raw\ckplus\happy\S089_002_00000019.png,184.6067657470703,74.3978271484375,4782.14599609375
D:\Kebench\Documents\projects\xai-lab\data\raw\ckplus\disgust\S097_004_00000029.png,157.3815155029297,74.74664306640625,2804.231689453125
D:\Kebench\Documents\projects\xai-lab\data\raw\ckplus\contempt\S502_002_00000008.png,127.22178649902344,37.79574203491211,1647.232666015625
D:\Kebench\Documents\projects\xai-lab\data\raw\ckplus\sadness\S136_003_00000013.png,98.99522399902344,54.09211730957031,1190.306396484375
D:\Kebench\Documents\projects\xai-lab\data\raw\ckplus\happy\S133_010_00000014.png,127.35416412353516,70.76769256591797,3278.223876953125
D:\Kebench\Documents\projects\xai-lab\data\raw\ckplus\happy\S076_006_00000017.png,127.62239837646484,72.67161560058594,2526.18310546875
D:\Kebench\Documents\projects\xai-lab\data\raw\ckplus\disgust\S106_004_00000007.png,134.94314575195312,61.92595672607422,2136.665771484375
D:\Kebench\Documents\projects\xai-lab\data\raw\ckplus\disgust\S058_006_00000016.png,151.4921875,69.3991928100586,2260.2724609375
D:\Kebench\Documents\projects\xai-lab\data\raw\ckplus\surprise\S061_001_00000010.png,125.17491149902344,82.91459655761719,2946.4287109375
D:\Kebench\Documents\projects\xai-lab\data\raw\ckplus\disgust\S130_012_00000009.png,104.49349212646484,59.250816345214844,1661.631103515625
D:\Kebench\Documents\projects\xai-lab\data\raw\ckplus\sadness\S066_004_00000008.png,143.95399475097656,85.26377868652344,2055.822021484375
D:\Kebench\Documents\projects\xai-lab\data\raw\ckplus\disgust\S056_002_00000009.png,136.79122924804688,78.94315338134766,2589.442626953125
D:\Kebench\Documents\projects\xai-lab\data\raw\ckplus\happy\S134_004_00000014.png,95.54427337646484,55.53950500488281,1881.5677490234375
D:\Kebench\Documents\projects\xai-lab\data\raw\ckplus\surprise\S096_001_00000006.png,149.4765625,72.9934310913086,2312.270751953125
D:\Kebench\Documents\projects\xai-lab\data\raw\ckplus\fear\S119_003_00000024.png,73.13150787353516,42.44419860839844,1331.993896484375
D:\Kebench\Documents\projects\xai-lab\data\raw\ckplus\disgust\S062_005_00000027.png,162.4309844970703,71.37725830078125,3210.5322265625
D:\Kebench\Documents\projects\xai-lab\data\raw\ckplus\happy\S065_004_00000026.png,112.87716674804688,74.5306625366211,1880.842041015625
D:\Kebench\Documents\projects\xai-lab\data\raw\ckplus\fear\S011_003_00000012.png,96.46267700195312,57.65781784057617,2555.849853515625
D:\Kebench\Documents\projects\xai-lab\data\raw\ckplus\surprise\S110_001_00000012.png,132.37542724609375,76.57569122314453,2992.067626953125
D:\Kebench\Documents\projects\xai-lab\data\raw\ckplus\disgust\S070_005_00000014.png,116.60416412353516,71.38612365722656,2542.83251953125
D:\Kebench\Documents\projects\xai-lab\data\raw\ckplus\fear\S119_003_00000022.png,72.45095825195312,42.604183197021484,1305.79345703125
D:\Kebench\Documents\projects\xai-lab\data\raw\ckplus\disgust\S098_003_00000012.png,92.11415100097656,63.708274841308594,1986.5772705078125
D:\Kebench\Documents\projects\xai-lab\data\raw\ckplus\happy\S131_006_00000022.png,156.94227600097656,74.56039428710938,2490.01220703125
D:\Kebench\Documents\projects\xai-lab\data\raw\ckplus\surprise\S086_001_00000019.png,169.85069274902344,85.0229721069336,4516.2978515625
D:\Kebench\Documents\projects\xai-lab\data\raw\ckplus\anger\S032_003_00000016.png,144.91970825195312,68.74149322509766,2354.6259765625
D:\Kebench\Documents\projects\xai-lab\data\raw\ckplus\anger\S127_010_00000017.png,104.85720825195312,56.192222595214844,1259.8541259765625
D:\Kebench\Documents\projects\xai-lab\data\raw\ckplus\contempt\S148_002_00000015.png,99.83810424804688,32.26503372192383,530.826416015625
D:\Kebench\Documents\projects\xai-lab\data\raw\ckplus\disgust\S022_006_00000015.png,80.13194274902344,64.21186828613281,1661.795166015625
D:\Kebench\Documents\projects\xai-lab\data\raw\ckplus\disgust\S124_006_00000010.png,90.36849212646484,68.17070770263672,1371.2838134765625
D:\Kebench\Documents\projects\xai-lab\data\raw\ckplus\surprise\S080_001_00000016.png,156.37673950195312,94.1738052368164,3531.982666015625
D:\Kebench\Documents\projects\xai-lab\data\raw\ckplus\happy\S096_004_00000010.png,153.26736450195312,75.59707641601562,2375.830810546875
D:\Kebench\Documents\projects\xai-lab\data\raw\ckplus\fear\S506_004_00000036.png,104.63845825195312,42.717041015625,1356.41748046875
D:\Kebench\Documents\projects\xai-lab\data\raw\ckplus\surprise\S086_001_00000018.png,168.25823974609375,85.19700622558594,4333.712890625
D:\Kebench\Documents\projects\xai-lab\data\raw\ckplus\surprise\S014_001_00000027.png,91.48133850097656,66.09105682373047,2595.736083984375
D:\Kebench\Documents\projects\xai-lab\data\raw\ckplus\disgust\S088_004_00000020.png,157.51129150390625,65.77055358886719,3501.595458984375
D:\Kebench\Documents\projects\xai-lab\data\raw\ckplus\surprise\S129_002_00000011.png,129.6627655029297,52.54578399658203,1250.248291015625
D:\Kebench\Documents\projects\xai-lab\data\raw\ckplus\fear\S074_001_00000020.png,140.13714599609375,88.4177474975586,3029.1416015625
D:\Kebench\Documents\projects\xai-lab\data\raw\ckplus\sadness\S138_007_00000011.png,130.74783325195312,78.66529846191406,2123.181396484375
D:\Kebench\Documents\projects\xai-lab\data\raw\ckplus\anger\S506_001_00000040.png,103.25824737548828,39.88115692138672,1104.97998046875
D:\Kebench\Documents\projects\xai-lab\data\raw\ckplus\happy\S060_002_00000024.png,137.29339599609375,81.85871124267578,2707.25341796875
D:\Kebench\Documents\projects\xai-lab\data\raw\ckplus\surprise\S071_001_00000012.png,139.80035400390625,62.605506896972656,2148.72998046875
D:\Kebench\Documents\projects\xai-lab\data\raw\ckplus\sadness\S136_003_00000014.png,98.140625,53.987369537353516,1198.021728515625
D:\Kebench\Documents\projects\xai-lab\data\raw\ckplus\anger\S075_008_00000012.png,156.4166717529297,70.01324462890625,2645.302001953125
D:\Kebench\Documents\projects\xai-lab\data\raw\ckplus\disgust\S076_005_00000012.png,132.24609375,70.84068298339844,2583.81591796875
D:\Kebench\Documents\projects\xai-lab\data\raw\ckplus\surprise\S055_001_00000010.png,151.63975524902344,65.91435241699219,2012.11376953125
D:\Kebench\Documents\projects\xai-lab\data\raw\ckplus\anger\S133_003_00000045.png,131.00086975097656,67.73048400878906,2975.4228515625
D:\Kebench\Documents\projects\xai-lab\data\raw\ckplus\anger\S089_003_00000034.png,192.09548950195312,74.548828125,3971.526123046875
D:\Kebench\Documents\projects\xai-lab\data\raw\ckplus\anger\S058_005_00000010.png,149.10198974609375,70.70207977294922,2230.10595703125
D:\Kebench\Documents\projects\xai-lab\data\raw\ckplus\surprise\S073_001_00000013.png,97.92838287353516,59.17253875732422,3385.611083984375
D:\Kebench\Documents\projects\xai-lab\data\raw\ckplus\surprise\S122_001_00000012.png,137.0559844970703,73.33445739746094,2284.512939453125
D:\Kebench\Documents\projects\xai-lab\data\raw\ckplus\happy\S132_006_00000022.png,110.12413024902344,54.945350646972656,1591.14404296875
D:\Kebench\Documents\projects\xai-lab\data\raw\ckplus\happy\S044_003_00000012.png,172.8385467529297,77.8427734375,4411.794921875
D:\Kebench\Documents\projects\xai-lab\data\raw\ckplus\disgust\S105_008_00000008.png,151.48785400390625,68.85919189453125,2852.27783203125
D:\Kebench\Documents\projects\xai-lab\data\raw\ckplus\happy\S026_006_00000011.png,85.71788024902344,50.12498474121094,1391.881103515625
D:\Kebench\Documents\projects\xai-lab\data\raw\ckplus\surprise\S124_001_00000013.png,96.82074737548828,73.66856384277344,2239.33154296875
D:\Kebench\Documents\projects\xai-lab\data\raw\ckplus\happy\S083_003_00000019.png,178.35198974609375,70.51435089111328,4026.94189453125
D:\Kebench\Documents\projects\xai-lab\data\raw\ckplus\happy\S098_004_00000015.png,97.55902862548828,65.6648941040039,2284.903564453125
D:\Kebench\Documents\projects\xai-lab\data\raw\ckplus\contempt\S160_006_00000010.png,117.87109375,37.101707458496094,610.9418334960938
D:\Kebench\Documents\projects\xai-lab\data\raw\ckplus\contempt\S157_002_00000009.png,183.19834899902344,43.09925079345703,1711.4227294921875
D:\Kebench\Documents\projects\xai-lab\data\raw\ckplus\surprise\S124_001_00000014.png,98.92013549804688,73.62371063232422,2297.09033203125
D:\Kebench\Documents\projects\xai-lab\data\raw\ckplus\disgust\S035_005_00000019.png,188.61892700195312,76.81381225585938,4326.95068359375
D:\Kebench\Documents\projects\xai-lab\data\raw\ckplus\anger\S109_003_00000015.png,153.30120849609375,72.22527313232422,2791.08154296875
D:\Kebench\Documents\projects\xai-lab\data\raw\ckplus\disgust\S075_005_00000010.png,152.89801025390625,70.19007110595703,2426.315185546875
D:\Kebench\Documents\projects\xai-lab\data\raw\ckplus\fear\S506_004_00000037.png,104.47309112548828,42.174407958984375,1529.576416015625
D:\Kebench\Documents\projects\xai-lab\data\raw\ckplus\disgust\S070_005_00000015.png,117.42317962646484,71.12932586669922,2655.559814453125
D:\Kebench\Documents\projects\xai-lab\data\raw\ckplus\disgust\S107_005_00000009.png,135.07769775390625,57.68383026123047,1969.345458984375
D:\Kebench\Documents\projects\xai-lab\data\raw\ckplus\sadness\S095_010_00000013.png,133.18533325195312,38.52385711669922,589.1198120117188
D:\Kebench\Documents\projects\xai-lab\data\raw\ckplus\fear\S999_003_00000053.png,153.91189575195312,60.34475326538086,1511.1553955078125
D:\Kebench\Documents\projects\xai-lab\data\raw\ckplus\disgust\S107_005_00000010.png,135.65234375,57.34764862060547,1964.209228515625
D:\Kebench\Documents\projects\xai-lab\data\raw\ckplus\anger\S029_001_00000017.png,47.42274475097656,32.8998908996582,1034.7135009765625
D:\Kebench\Documents\projects\xai-lab\data\raw\ckplus\anger\S075_008_00000011.png,154.44357299804688,70.2163314819336,2594.0244140625
D:\Kebench\Documents\projects\xai-lab\data\raw\ckplus\anger\S503_001_00000069.png,111.67794799804688,38.71049118041992,1277.4556884765625
D:\Kebench\Documents\projects\xai-lab\data\raw\ckplus\happy\S052_004_00000032.png,157.609375,68.9579849243164,2193.416748046875
D:\Kebench\Documents\projects\xai-lab\data\raw\ckplus\contempt\S138_008_00000008.png,135.9908905029297,78.32135772705078,2155.6962890625
D:\Kebench\Documents\projects\xai-lab\data\raw\ckplus\happy\S106_006_00000009.png,127.92794799804688,61.148067474365234,2223.25341796875
D:\Kebench\Documents\projects\xai-lab\data\raw\ckplus\disgust\S087_004_00000010.png,126.44791412353516,51.42629623413086,2250.119873046875
D:\Kebench\Documents\projects\xai-lab\data\raw\ckplus\disgust\S044_006_00000019.png,178.5690155029297,77.4889907836914,4308.767578125
D:\Kebench\Documents\projects\xai-lab\data\raw\ckplus\contempt\S503_002_00000006.png,107.34982299804688,35.54494094848633,1053.3125
D:\Kebench\Documents\projects\xai-lab\data\raw\ckplus\surprise\S088_001_00000017.png,144.89279174804688,67.66929626464844,3855.6171875
D:\Kebench\Documents\projects\xai-lab\data\raw\ckplus\anger\S113_008_00000023.png,155.49002075195312,77.32940673828125,2315.896728515625
D:\Kebench\Documents\projects\xai-lab\data\raw\ckplus\happy\S137_011_00000019.png,137.95877075195312,62.87664794921875,2353.0224609375
D:\Kebench\Documents\projects\xai-lab\data\raw\ckplus\disgust\S079_002_00000010.png,61.00911331176758,43.538291931152344,1105.84814453125
D:\Kebench\Documents\projects\xai-lab\data\raw\ckplus\surprise\S126_004_00000012.png,67.47178649902344,37.80668640136719,978.84375
D:\Kebench\Documents\projects\xai-lab\data\raw\ckplus\anger\S014_003_00000029.png,93.00173950195312,60.875057220458984,2223.75439453125
D:\Kebench\Documents\projects\xai-lab\data\raw\ckplus\fear\S091_001_00000014.png,171.05902099609375,77.77989196777344,2845.826416015625
D:\Kebench\Documents\projects\xai-lab\data\raw\ckplus\happy\S055_005_00000043.png,159.72959899902344,68.27069854736328,2691.3447265625
D:\Kebench\Documents\projects\xai-lab\data\raw\ckplus\surprise\S022_001_00000028.png,72.92230987548828,63.03017044067383,1628.29248046875
D:\Kebench\Documents\projects\xai-lab\data\raw\ckplus\happy\S099_004_00000013.png,158.609375,70.72142791748047,2991.6337890625
D:\Kebench\Documents\projects\xai-lab\data\raw\ckplus\anger\S034_003_00000026.png,178.55642700195312,89.59217834472656,2572.865478515625
D:\Kebench\Documents\projects\xai-lab\data\raw\ckplus\disgust\S085_004_00000016.png,180.10980224609375,84.69073486328125,3806.0556640625
D:\Kebench\Documents\projects\xai-lab\data\raw\ckplus\happy\S108_008_00000011.png,129.59548950195312,67.59171295166016,2580.756103515625
D:\Kebench\Documents\projects\xai-lab\data\raw\ckplus\surprise\S042_001_00000017.png,170.88497924804688,68.55892181396484,4003.859375
D:\Kebench\Documents\projects\xai-lab\data\raw\ckplus\disgust\S074_004_00000016.png,149.8346405029297,86.69845581054688,3090.7275390625
D:\Kebench\Documents\projects\xai-lab\data\raw\ckplus\fear\S138_001_00000011.png,135.70745849609375,78.14373779296875,2417.38720703125
D:\Kebench\Documents\projects\xai-lab\data\raw\ckplus\surprise\S056_003_00000010.png,125.85459899902344,74.44608306884766,3344.22314453125
D:\Kebench\Documents\projects\xai-lab\data\raw\ckplus\anger\S066_005_00000010.png,148.9622344970703,85.07616424560547,1744.459228515625
D:\Kebench\Documents\projects\xai-lab\data\raw\ckplus\surprise\S084_001_00000009.png,168.91970825195312,85.29000091552734,4456.7333984375
D:\Kebench\Documents\projects\xai-lab\data\raw\ckplus\contempt\S154_002_00000011.png,135.9557342529297,47.51932907104492,965.165771484375
D:\Kebench\Documents\projects\xai-lab\data\raw\ckplus\disgust\S099_007_00000012.png,168.03082275390625,68.8016128540039,2634.3525390625
D:\Kebench\Documents\projects\xai-lab\data\raw\ckplus\surprise\S014_001_00000028.png,90.96353912353516,66.00878143310547,2602.43408203125
D:\Kebench\Documents\projects\xai-lab\data\raw\ckplus\disgust\S125_008_00000009.png,135.62066650390625,73.04719543457031,1690.05029296875
D:\Kebench\Documents\projects\xai-lab\data\raw\ckplus\surprise\S035_001_00000014.png,177.57334899902344,74.89286041259766,4098.1494140625
D:\Kebench\Documents\projects\xai-lab\data\raw\ckplus\happy\S086_002_00000015.png,180.3880157470703,83.13616180419922,3509.943603515625
D:\Kebench\Documents\projects\xai-lab\data\raw\ckplus\disgust\S085_004_00000015.png,182.54339599609375,83.96406555175781,3945.8505859375
D:\Kebench\Documents\projects\xai-lab\data\raw\ckplus\fear\S062_001_00000015.png,163.37803649902344,72.44458770751953,2910.6943359375
D:\Kebench\Documents\projects\xai-lab\data\raw\ckplus\sadness\S503_006_00000018.png,110.45877075195312,36.192508697509766,1054.11376953125
D:\Kebench\Documents\projects\xai-lab\data\raw\ckplus\anger\S058_005_00000009.png,149.43359375,70.72915649414062,2243.059814453125
D:\Kebench\Documents\projects\xai-lab\data\raw\ckplus\anger\S022_005_00000030.png,79.50130462646484,65.31237030029297,1569.201416015625
D:\Kebench\Documents\projects\xai-lab\data\raw\ckplus\disgust\S032_005_00000015.png,142.63238525390625,65.88555145263672,2647.064208984375
D:\Kebench\Documents\projects\xai-lab\data\raw\ckplus\surprise\S110_001_00000013.png,128.95877075195312,75.99128723144531,3102.44189453125
D:\Kebench\Documents\projects\xai-lab\data\raw\ckplus\anger\S111_006_00000010.png,90.81814575195312,61.08045196533203,1304.7508544921875
D:\Kebench\Documents\projects\xai-lab\data\raw\ckplus\happy\S138_005_00000015.png,138.05859375,79.10240173339844,2468.44970703125
D:\Kebench\Documents\projects\xai-lab\data\raw\ckplus\happy\S086_002_00000013.png,181.11415100097656,83.16394805908203,3481.572021484375
D:\Kebench\Documents\projects\xai-lab\data\raw\ckplus\contempt\S506_002_00000008.png,107.45008850097656,40.337764739990234,1112.712646484375
D:\Kebench\Documents\projects\xai-lab\data\raw\ckplus\disgust\S128_004_00000012.png,68.98524475097656,45.55561447143555,891.064208984375
D:\Kebench\Documents\projects\xai-lab\data\raw\ckplus\anger\S502_001_00000016.png,120.37803649902344,38.913143157958984,1112.62158203125
D:\Kebench\Documents\projects\xai-lab\data\raw\ckplus\disgust\S022_006_00000016.png,80.30078125,64.01240539550781,1673.556396484375
D:\Kebench\Documents\projects\xai-lab\data\raw\ckplus\surprise\S135_001_00000037.png,158.8723907470703,62.72052001953125,3292.7255859375
D:\Kebench\Documents\projects\xai-lab\data\raw\ckplus\fear\S501_004_00000054.png,102.63715362548828,48.27656555175781,1990.173583984375
D:\Kebench\Documents\projects\xai-lab\data\raw\ckplus\happy\S061_002_00000013.png,136.12283325195312,87.65547943115234,3207.123291015625
D:\Kebench\Documents\projects\xai-lab\data\raw\ckplus\anger\S112_005_00000017.png,74.82508850097656,41.27848815917969,877.861083984375
D:\Kebench\Documents\projects\xai-lab\data\raw\ckplus\happy\S063_002_00000022.png,147.72569274902344,81.3434829711914,2435.27001953125
D:\Kebench\Documents\projects\xai-lab\data\raw\ckplus\happy\S109_006_00000015.png,143.77517700195312,74.05384063720703,3076.275146484375
D:\Kebench\Documents\projects\xai-lab\data\raw\ckplus\disgust\S069_003_00000010.png,136.78125,67.99725341796875,2462.064208984375
D:\Kebench\Documents\projects\xai-lab\data\raw\ckplus\happy\S115_008_00000015.png,108.79557037353516,74.16825866699219,2488.5703125
D:\Kebench\Documents\projects\xai-lab\data\raw\ckplus\surprise\S077_001_00000028.png,131.78341674804688,90.93730926513672,2673.846435546875
D:\Kebench\Documents\projects\xai-lab\data\raw\ckplus\surprise\S137_001_00000012.png,143.07464599609375,61.21318817138672,2513.37158203125
D:\Kebench\Documents\projects\xai-lab\data\raw\ckplus\happy\S050_006_00000023.png,113.57899475097656,51.76310348510742,1819.3914794921875
D:\Kebench\Documents\projects\xai-lab\data\raw\ckplus\surprise\S062_002_00000015.png,153.65408325195312,72.99278259277344,2507.42626953125
D:\Kebench\Documents\projects\xai-lab\data\raw\ckplus\contempt\S154_002_00000012.png,135.3112030029297,47.37372589111328,928.756103515625
D:\Kebench\Documents\projects\xai-lab\data\raw\ckplus\surprise\S053_001_00000021.png,132.18446350097656,78.52700805664062,2849.512939453125
D:\Kebench\Documents\projects\xai-lab\data\raw\ckplus\sadness\S014_002_00000016.png,88.60503387451172,59.912452697753906,2463.318603515625
D:\Kebench\Documents\projects\xai-lab\data\raw\ckplus\anger\S071_004_00000026.png,162.06163024902344,66.63187408447266,2134.046875
D:\Kebench\Documents\projects\xai-lab\data\raw\ckplus\contempt\S156_002_00000021.png,134.8294219970703,51.908164978027344,1694.9478759765625
D:\Kebench\Documents\projects\xai-lab\data\raw\ckplus\surprise\S101_002_00000019.png,148.91058349609375,71.95411682128906,1982.2291259765625
D:\Kebench\Documents\projects\xai-lab\data\raw\ckplus\surprise\S052_001_00000014.png,151.96006774902344,66.03329467773438,2234.5703125
D:\Kebench\Documents\projects\xai-lab\data\raw\ckplus\sadness\S064_004_00000014.png,161.78125,70.40392303466797,2550.684814453125
D:\Kebench\Documents\projects\xai-lab\data\raw\ckplus\anger\S130_007_00000019.png,105.78559112548828,59.190826416015625,1750.6119384765625
D:\Kebench\Documents\projects\xai-lab\data\raw\ckplus\surprise\S035_001_00000015.png,176.06683349609375,74.33198547363281,4212.818359375
D:\Kebench\Documents\projects\xai-lab\data\raw\ckplus\surprise\S101_002_00000017.png,148.1262969970703,71.61988830566406,1934.24560546875
D:\Kebench\Documents\projects\xai-lab\data\raw\ckplus\anger\S022_005_00000031.png,80.09982299804688,65.28543853759766,1506.4696044921875
D:\Kebench\Documents\projects\xai-lab\data\raw\ckplus\surprise\S079_001_00000010.png,59.36328125,45.23416519165039,1414.7100830078125
D:\Kebench\Documents\projects\xai-lab\data\raw\ckplus\disgust\S069_003_00000009.png,135.15582275390625,68.33275604248047,2385.368896484375
D:\Kebench\Documents\projects\xai-lab\data\raw\ckplus\disgust\S045_004_00000014.png,135.91363525390625,57.77407455444336,3182.533935546875
D:\Kebench\Documents\projects\xai-lab\data\raw\ckplus\anger\S502_001_00000015.png,120.07291412353516,39.39680862426758,1072.1788330078125
D:\Kebench\Documents\projects\xai-lab\data\raw\ckplus\happy\S114_006_00000023.png,162.2408905029297,63.38763427734375,2094.8056640625
D:\Kebench\Documents\projects\xai-lab\data\raw\ckplus\disgust\S076_005_00000011.png,133.16622924804688,71.19315338134766,2455.634521484375
D:\Kebench\Documents\projects\xai-lab\data\raw\ckplus\happy\S135_012_00000020.png,165.22743225097656,62.673614501953125,3079.903564453125
D:\Kebench\Documents\projects\xai-lab\data\raw\ckplus\happy\S130_013_00000013.png,100.765625,59.69483947753906,1684.54345703125
D:\Kebench\Documents\projects\xai-lab\data\raw\ckplus\disgust\S079_002_00000012.png,59.71744918823242,43.32548522949219,1123.0078125
D:\Kebench\Documents\projects\xai-lab\data\raw\ckplus\surprise\S032_001_00000022.png,130.2682342529297,63.803524017333984,2661.276123046875
D:\Kebench\Documents\projects\xai-lab\data\raw\ckplus\surprise\S137_001_00000014.png,143.56292724609375,61.1976318359375,2491.744873046875
D:\Kebench\Documents\projects\xai-lab\data\raw\ckplus\anger\S042_004_00000020.png,172.55772399902344,68.0188217163086,3551.453125
D:\Kebench\Documents\projects\xai-lab\data\raw\ckplus\surprise\S032_001_00000020.png,134.6536407470703,64.75153350830078,2711.981689453125
D:\Kebench\Documents\projects\xai-lab\data\raw\ckplus\surprise\S071_001_00000013.png,137.72613525390625,61.9520263671875,2255.5546875
D:\Kebench\Documents\projects\xai-lab\data\raw\ckplus\disgust\S067_006_00000010.png,112.07986450195312,64.2506332397461,1859.59033203125
D:\Kebench\Documents\projects\xai-lab\data\raw\ckplus\sadness\S506_006_00000040.png,104.50824737548828,43.01310729980469,1531.1771240234375
D:\Kebench\Documents\projects\xai-lab\data\raw\ckplus\surprise\S026_001_00000013.png,76.75347137451172,45.818275451660156,1158.7022705078125
D:\Kebench\Documents\projects\xai-lab\data\raw\ckplus\sadness\S138_007_00000010.png,129.31423950195312,78.90349578857422,2174.174560546875
D:\Kebench\Documents\projects\xai-lab\data\raw\ckplus\anger\S126_008_00000029.png,78.96484375,38.03477478027344,1022.671875
D:\Kebench\Documents\projects\xai-lab\data\raw\ckplus\sadness\S093_001_00000019.png,137.07118225097656,70.6869888305664,2604.717041015625
D:\Kebench\Documents\projects\xai-lab\data\raw\ckplus\happy\S087_005_00000010.png,127.43619537353516,51.72190856933594,2282.970458984375
D:\Kebench\Documents\projects\xai-lab\data\raw\ckplus\disgust\S077_006_00000013.png,146.85763549804688,88.78470611572266,2361.520751953125
D:\Kebench\Documents\projects\xai-lab\data\raw\ckplus\happy\S035_006_00000018.png,182.81423950195312,76.31037139892578,4753.4150390625
D:\Kebench\Documents\projects\xai-lab\data\raw\ckplus\sadness\S113_003_00000014.png,151.73785400390625,79.36974334716797,3044.6103515625
D:\Kebench\Documents\projects\xai-lab\data\raw\ckplus\sadness\S011_002_00000020.png,89.01605987548828,51.657325744628906,2366.520751953125
D:\Kebench\Documents\projects\xai-lab\data\raw\ckplus\fear\S065_002_00000020.png,105.83333587646484,73.91107940673828,2090.05126953125
D:\Kebench\Documents\projects\xai-lab\data\raw\ckplus\fear\S501_004_00000055.png,102.95616149902344,48.1851921081543,2000.657958984375
D:\Kebench\Documents\projects\xai-lab\data\raw\ckplus\contempt\S505_002_00000020.png,117.56597137451172,39.33885955810547,1115.4974365234375
D:\Kebench\Documents\projects\xai-lab\data\raw\ckplus\happy\S108_008_00000012.png,129.83116149902344,67.57841491699219,2612.701416015625
D:\Kebench\Documents\projects\xai-lab\data\raw\ckplus\anger\S133_003_00000046.png,128.08767700195312,68.30654907226562,2791.470458984375
D:\Kebench\Documents\projects\xai-lab\data\raw\ckplus\happy\S062_004_00000022.png,149.8762969970703,75.31060028076172,3421.622314453125
D:\Kebench\Documents\projects\xai-lab\data\raw\ckplus\fear\S054_002_00000013.png,152.10850524902344,71.76612854003906,2474.3046875
D:\Kebench\Documents\projects\xai-lab\data\raw\ckplus\happy\S056_004_00000020.png,130.36024475097656,81.00840759277344,3067.684814453125
D:\Kebench\Documents\projects\xai-lab\data\raw\ckplus\surprise\S062_002_00000014.png,154.40538024902344,73.23924255371094,2522.15966796875
D:\Kebench\Documents\projects\xai-lab\data\raw\ckplus\surprise\S127_001_00000016.png,90.38541412353516,55.90055847167969,1309.732666015625
D:\Kebench\Documents\projects\xai-lab\data\raw\ckplus\surprise\S100_002_00000015.png,127.04340362548828,67.36698150634766,2135.1328125
D:\Kebench\Documents\projects\xai-lab\data\raw\ckplus\disgust\S051_003_00000018.png,42.30512237548828,30.478010177612305,1030.0694580078125
D:\Kebench\Documents\projects\xai-lab\data\raw\ckplus\disgust\S022_006_00000017.png,77.29340362548828,63.897254943847656,1695.7196044921875
D:\Kebench\Documents\projects\xai-lab\data\raw\ckplus\contempt\S154_002_00000013.png,135.08984375,47.24359893798828,955.8602294921875
D:\Kebench\Documents\projects\xai-lab\data\raw\ckplus\contempt\S158_002_00000011.png,151.95790100097656,63.079490661621094,1436.334228515625
D:\Kebench\Documents\projects\xai-lab\data\raw\ckplus\surprise\S044_001_00000024.png,166.49392700195312,76.36910247802734,4616.29150390625
D:\Kebench\Documents\projects\xai-lab\data\raw\ckplus\sadness\S080_005_00000012.png,162.95095825195312,96.05699157714844,3731.6416015625
D:\Kebench\Documents\projects\xai-lab\data\raw\ckplus\disgust\S005_001_00000009.png,60.78298568725586,43.10599899291992,1029.302978515625
D:\Kebench\Documents\projects\xai-lab\data\raw\ckplus\sadness\S108_005_00000020.png,129.0546875,64.28157043457031,2443.903564453125
D:\Kebench\Documents\projects\xai-lab\data\raw\ckplus\disgust\S071_006_00000012.png,158.85372924804688,64.86842346191406,2462.612060546875
D:\Kebench\Documents\projects\xai-lab\data\raw\ckplus\surprise\S085_003_00000011.png,168.68359375,85.26976776123047,3678.287353515625
D:\Kebench\Documents\projects\xai-lab\data\raw\ckplus\surprise\S092_001_00000016.png,146.75,66.80738067626953,2506.420166015625
D:\Kebench\Documents\projects\xai-lab\data\raw\ckplus\fear\S050_001_00000015.png,109.17752075195312,49.60079574584961,1622.5616455078125
D:\Kebench\Documents\projects\xai-lab\data\raw\ckplus\anger\S042_004_00000018.png,173.28211975097656,67.9371109008789,3485.0166015625
D:\Kebench\Documents\projects\xai-lab\data\raw\ckplus\anger\S029_001_00000018.png,47.73871612548828,32.96344757080078,967.7847290039062
D:\Kebench\Documents\projects\xai-lab\data\raw\ckplus\happy\S097_006_00000019.png,150.16622924804688,75.065673828125,3819.837646484375
D:\Kebench\Documents\projects\xai-lab\data\raw\ckplus\disgust\S078_007_00000012.png,120.50911712646484,76.90243530273438,1726.1353759765625
D:\Kebench\Documents\projects\xai-lab\data\raw\ckplus\fear\S124_003_00000010.png,86.73090362548828,70.10760498046875,1923.618896484375
D:\Kebench\Documents\projects\xai-lab\data\raw\ckplus\sadness\S137_005_00000025.png,138.2239532470703,64.1580810546875,2571.328125
D:\Kebench\Documents\projects\xai-lab\data\raw\ckplus\happy\S087_005_00000011.png,127.2578125,51.50693130493164,2261.6943359375
D:\Kebench\Documents\projects\xai-lab\data\raw\ckplus\fear\S059_002_00000017.png,165.6953125,67.30372619628906,2269.8134765625
D:\Kebench\Documents\projects\xai-lab\data\raw\ckplus\surprise\S074_002_00000016.png,134.30816650390625,88.2686538696289,2905.2431640625
D:\Kebench\Documents\projects\xai-lab\data\raw\ckplus\anger\S067_004_00000023.png,117.33897399902344,64.62094116210938,1964.64501953125
D:\Kebench\Documents\projects\xai-lab\data\raw\ckplus\surprise\S095_001_00000015.png,100.40277862548828,59.84977722167969,1535.197021484375
D:\Kebench\Documents\projects\xai-lab\data\raw\ckplus\happy\S044_003_00000013.png,172.29296875,77.51716613769531,4730.1171875
D:\Kebench\Documents\projects\xai-lab\data\raw\ckplus\disgust\S098_003_00000011.png,90.40277862548828,63.885986328125,2050.142333984375
D:\Kebench\Documents\projects\xai-lab\data\raw\ckplus\surprise\S065_003_00000021.png,105.26822662353516,73.00237274169922,2175.400146484375
D:\Kebench\Documents\projects\xai-lab\data\raw\ckplus\happy\S134_004_00000015.png,96.83940887451172,55.62104415893555,1857.53125
D:\Kebench\Documents\projects\xai-lab\data\raw\ckplus\happy\S129_012_00000011.png,119.52647399902344,65.31108093261719,1846.9461669921875
D:\Kebench\Documents\projects\xai-lab\data\raw\ckplus\surprise\S113_001_00000011.png,134.85546875,77.84260559082031,2928.6572265625
D:\Kebench\Documents\projects\xai-lab\data\raw\ckplus\sadness\S106_002_00000014.png,126.01953125,59.92242431640625,2022.9896240234375
D:\Kebench\Documents\projects\xai-lab\data\raw\ckplus\happy\S074_005_00000042.png,149.8958282470703,86.25862121582031,3137.9208984375
D:\Kebench\Documents\projects\xai-lab\data\raw\ckplus\disgust\S132_005_00000014.png,110.69053649902344,51.89764404296875,1228.5546875
D:\Kebench\Documents\projects\xai-lab\data\raw\ckplus\happy\S115_008_00000017.png,109.58810424804688,74.27137756347656,2543.7890625
D:\Kebench\Documents\projects\xai-lab\data\raw\ckplus\anger\S130_007_00000020.png,105.82682037353516,59.33065414428711,1736.40283203125
D:\Kebench\Documents\projects\xai-lab\data\raw\ckplus\anger\S011_004_00000021.png,96.46788024902344,52.760746002197266,2073.6640625
D:\Kebench\Documents\projects\xai-lab\data\raw\ckplus\sadness\S505_006_00000017.png,115.11067962646484,40.41890335083008,1243.115478515625
D:\Kebench\Documents\projects\xai-lab\data\raw\ckplus\disgust\S054_004_00000022.png,153.57986450195312,70.1034164428711,2051.5849609375
D:\Kebench\Documents\projects\xai-lab\data\raw\ckplus\anger\S066_005_00000009.png,150.87586975097656,84.69512176513672,1743.69091796875
D:\Kebench\Documents\projects\xai-lab\data\raw\ckplus\fear\S102_003_00000014.png,83.47048950195312,46.4613037109375,1175.9974365234375
D:\Kebench\Documents\projects\xai-lab\data\raw\ckplus\disgust\S088_004_00000019.png,158.1549530029297,65.41304779052734,3522.39404296875
D:\Kebench\Documents\projects\xai-lab\data\raw\ckplus\disgust\S082_007_00000010.png,196.67100524902344,60.55651092529297,2622.66064453125
D:\Kebench\Documents\projects\xai-lab\data\raw\ckplus\sadness\S093_001_00000020.png,137.72308349609375,70.79153442382812,2614.143310546875
D:\Kebench\Documents\projects\xai-lab\data\raw\ckplus\disgust\S032_005_00000014.png,143.4401092529297,65.46845245361328,2642.8740234375
D:\Kebench\Documents\projects\xai-lab\data\raw\ckplus\anger\S090_007_00000013.png,113.4375,77.67269134521484,2097.533935546875
D:\Kebench\Documents\projects\xai-lab\data\raw\ckplus\surprise\S126_004_00000011.png,66.55599212646484,37.82111740112305,1043.5755615234375
D:\Kebench\Documents\projects\xai-lab\data\raw\ckplus\surprise\S111_001_00000012.png,79.41709899902344,58.08831024169922,1400.907958984375
D:\Kebench\Documents\projects\xai-lab\data\raw\ckplus\surprise\S096_001_00000007.png,148.85113525390625,73.0761947631836,2444.9697265625
D:\Kebench\Documents\projects\xai-lab\data\raw\ckplus\happy\S127_004_00000015.png,104.19314575195312,57.93352127075195,1370.375
D:\Kebench\Documents\projects\xai-lab\data\raw\ckplus\happy\S128_011_00000014.png,69.72482299804688,47.11104965209961,987.1449584960938
D:\Kebench\Documents\projects\xai-lab\data\raw\ckplus\sadness\S115_004_00000017.png,111.66189575195312,74.92724609375,2488.669189453125
D:\Kebench\Documents\projects\xai-lab\data\raw\ckplus\surprise\S078_001_00000032.png,109.03385162353516,76.91413116455078,2311.8994140625
D:\Kebench\Documents\projects\xai-lab\data\raw\ckplus\happy\S137_011_00000018.png,136.9387969970703,62.86516189575195,2395.62841796875
D:\Kebench\Documents\projects\xai-lab\data\raw\ckplus\anger\S087_007_00000015.png,131.3580780029297,52.13391876220703,2275.131103515625
D:\Kebench\Documents\projects\xai-lab\data\raw\ckplus\surprise\S046_002_00000005.png,163.875,76.92859649658203,3473.356689453125
D:\Kebench\Documents\projects\xai-lab\data\raw\ckplus\disgust\S130_012_00000011.png,104.55294799804688,59.60597229003906,1616.095458984375
D:\Kebench\Documents\projects\xai-lab\data\raw\ckplus\contempt\S502_002_00000009.png,126.40408325195312,39.14480209350586,1833.1475830078125
D:\Kebench\Documents\projects\xai-lab\data\raw\ckplus\happy\S085_002_00000012.png,175.13714599609375,86.79379272460938,3997.6416015625
D:\Kebench\Documents\projects\xai-lab\data\raw\ckplus\happy\S130_013_00000014.png,101.58897399902344,59.81187057495117,1686.41064453125
D:\Kebench\Documents\projects\xai-lab\data\raw\ckplus\disgust\S065_005_00000008.png,120.10069274902344,72.87371063232422,1417.881103515625
D:\Kebench\Documents\projects\xai-lab\data\raw\ckplus\surprise\S111_001_00000014.png,78.44314575195312,58.008949279785156,1401.1119384765625
D:\Kebench\Documents\projects\xai-lab\data\raw\ckplus\happy\S135_012_00000019.png,165.20008850097656,62.78777313232422,3029.010498046875
D:\Kebench\Documents\projects\xai-lab\data\raw\ckplus\happy\S069_004_00000016.png,131.82118225097656,70.39356231689453,2990.04248046875
D:\Kebench\Documents\projects\xai-lab\data\raw\ckplus\happy\S098_004_00000014.png,100.24044799804688,65.36984252929688,2438.0
D:\Kebench\Documents\projects\xai-lab\data\raw\ckplus\anger\S014_003_00000030.png,92.34765625,61.981685638427734,2299.84716796875
D:\Kebench\Documents\projects\xai-lab\data\raw\ckplus\disgust\S074_004_00000017.png,152.4752655029297,86.07886505126953,2919.9609375
D:\Kebench\Documents\projects\xai-lab\data\raw\ckplus\surprise\S011_001_00000016.png,92.87716674804688,57.682373046875,2592.213623046875
D:\Kebench\Documents\projects\xai-lab\data\raw\ckplus\surprise\S057_001_00000019.png,151.7044219970703,71.30998992919922,2597.0791015625
D:\Kebench\Documents\projects\xai-lab\data\raw\ckplus\happy\S075_006_00000023.png,152.08636474609375,70.56204986572266,2910.61376953125
D:\Kebench\Documents\projects\xai-lab\data\raw\ckplus\happy\S034_005_00000010.png,172.90928649902344,89.90210723876953,3012.8125
D:\Kebench\Documents\projects\xai-lab\data\raw\ckplus\fear\S068_004_00000010.png,142.85894775390625,90.28085327148438,2339.13623046875
D:\Kebench\Documents\projects\xai-lab\data\raw\ckplus\surprise\S125_007_00000007.png,126.43533325195312,73.53784942626953,2446.1025390625
D:\Kebench\Documents\projects\xai-lab\data\raw\ckplus\sadness\S046_001_00000023.png,172.46397399902344,79.04791259765625,3727.904541015625
D:\Kebench\Documents\projects\xai-lab\data\raw\ckplus\anger\S117_006_00000009.png,141.7877655029297,72.76587677001953,2207.984375
D:\Kebench\Documents\projects\xai-lab\data\raw\ckplus\anger\S022_005_00000032.png,79.12196350097656,65.60248565673828,1640.2664794921875
D:\Kebench\Documents\projects\xai-lab\data\raw\ckplus\happy\S085_002_00000013.png,175.45269775390625,86.70043182373047,4002.721435546875
D:\Kebench\Documents\projects\xai-lab\data\raw\ckplus\contempt\S148_002_00000014.png,98.98394012451172,32.14090347290039,528.8098754882812
D:\Kebench\Documents\projects\xai-lab\data\raw\ckplus\contempt\S895_002_00000007.png,117.72178649902344,52.75450897216797,1262.1171875
D:\Kebench\Documents\projects\xai-lab\data\raw\ckplus\disgust\S057_003_00000015.png,155.25738525390625,72.18186950683594,2335.779541015625
D:\Kebench\Documents\projects\xai-lab\data\raw\ckplus\surprise\S076_001_00000015.png,126.03515625,70.82649993896484,2842.28125
D:\Kebench\Documents\projects\xai-lab\data\raw\ckplus\happy\S069_004_00000017.png,130.0768280029297,70.48603057861328,2896.927978515625
D:\Kebench\Documents\projects\xai-lab\data\raw\ckplus\sadness\S026_002_00000014.png,81.64279174804688,46.93385696411133,1620.88623046875
D:\Kebench\Documents\projects\xai-lab\data\raw\ckplus\disgust\S108_006_00000020.png,132.4635467529297,67.09989929199219,2465.9365234375
D:\Kebench\Documents\projects\xai-lab\data\raw\ckplus\disgust\S056_002_00000010.png,135.9309844970703,79.11135864257812,2669.747314453125
D:\Kebench\Documents\projects\xai-lab\data\raw\ckplus\disgust\S058_006_00000018.png,151.0794219970703,69.20305633544922,2274.3974609375
D:\Kebench\Documents\projects\xai-lab\data\raw\ckplus\happy\S072_006_00000022.png,145.15017700195312,83.79871368408203,3166.7412109375
D:\Kebench\Documents\projects\xai-lab\data\raw\ckplus\happy\S096_004_00000009.png,154.40017700195312,75.55233001708984,2384.276123046875
D:\Kebench\Documents\projects\xai-lab\data\raw\ckplus\fear\S125_006_00000022.png,119.65755462646484,73.7047348022461,3026.953125
D:\Kebench\Documents\projects\xai-lab\data\raw\ckplus\happy\S114_006_00000021.png,160.03428649902344,63.308101654052734,2093.6103515625
D:\Kebench\Documents\projects\xai-lab\data\raw\ckplus\surprise\S117_001_00000012.png,123.33419799804688,67.81375122070312,2194.709228515625
D:\Kebench\Documents\projects\xai-lab\data\raw\ckplus\disgust\S055_003_00000009.png,161.15277099609375,67.66853332519531,2531.049560546875
D:\Kebench\Documents\projects\xai-lab\data\raw\ckplus\surprise\S032_001_00000021.png,133.57508850097656,64.323974609375,2632.28466796875
D:\Kebench\Documents\projects\xai-lab\data\raw\ckplus\surprise\S051_002_00000019.png,38.19791793823242,32.40865707397461,1307.4288330078125
D:\Kebench\Documents\projects\xai-lab\data\raw\ckplus\anger\S090_007_00000012.png,113.39149475097656,77.6693115234375,2090.27685546875
D:\Kebench\Documents\projects\xai-lab\data\raw\ckplus\anger\S010_004_00000018.png,81.99392700195312,61.29586410522461,2840.9931640625
D:\Kebench\Documents\projects\xai-lab\data\raw\ckplus\fear\S055_006_00000007.png,158.29644775390625,67.89984130859375,2355.368896484375
D:\Kebench\Documents\projects\xai-lab\data\raw\ckplus\fear\S084_002_00000021.png,177.11502075195312,86.11643981933594,4050.2275390625
D:\Kebench\Documents\projects\xai-lab\data\raw\ckplus\surprise\S055_001_00000011.png,152.28863525390625,66.1823959350586,2070.0859375
D:\Kebench\Documents\projects\xai-lab\data\raw\ckplus\surprise\S087_001_00000011.png,121.34071350097656,51.84893798828125,2342.112060546875
D:\Kebench\Documents\projects\xai-lab\data\raw\ckplus\contempt\S147_002_00000012.png,149.88194274902344,63.17570114135742,1664.47998046875
D:\Kebench\Documents\projects\xai-lab\data\raw\ckplus\happy\S129_012_00000010.png,120.13715362548828,65.38312530517578,1856.83935546875
D:\Kebench\Documents\projects\xai-lab\data\raw\ckplus\anger\S050_004_00000020.png,113.09027862548828,50.042999267578125,1727.2603759765625
D:\Kebench\Documents\projects\xai-lab\data\raw\ckplus\surprise\S067_002_00000013.png,106.30165100097656,64.12146759033203,2195.4384765625
D:\Kebench\Documents\projects\xai-lab\data\raw\ckplus\fear\S011_003_00000013.png,99.47439575195312,60.41645050048828,2498.49560546875
D:\Kebench\Documents\projects\xai-lab\data\raw\ckplus\surprise\S116_001_00000014.png,131.31423950195312,62.94200897216797,2514.229248046875
D:\Kebench\Documents\projects\xai-lab\data\raw\ckplus\surprise\S079_001_00000011.png,59.11588668823242,45.17951202392578,1480.38720703125
D:\Kebench\Documents\projects\xai-lab\data\raw\ckplus\disgust\S074_004_00000018.png,152.18966674804688,86.00849151611328,2979.18310546875
D:\Kebench\Documents\projects\xai-lab\data\raw\ckplus\disgust\S054_004_00000023.png,151.6184844970703,70.47026824951172,2037.921875
D:\Kebench\Documents\projects\xai-lab\data\raw\ckplus\disgust\S075_005_00000011.png,153.30252075195312,70.52143859863281,2424.963623046875
D:\Kebench\Documents\projects\xai-lab\data\raw\ckplus\contempt\S503_002_00000007.png,107.76215362548828,35.62491226196289,1065.0443115234375
D:\Kebench\Documents\projects\xai-lab\data\raw\ckplus\surprise\S114_001_00000018.png,165.45008850097656,60.87874984741211,1660.837646484375
D:\Kebench\Documents\projects\xai-lab\data\raw\ckplus\surprise\S094_001_00000008.png,82.43880462646484,47.87958526611328,1308.412353515625
D:\Kebench\Documents\projects\xai-lab\data\raw\ckplus\surprise\S102_002_00000018.png,75.02821350097656,46.24768829345703,1101.001708984375
D:\Kebench\Documents\projects\xai-lab\data\raw\ckplus\disgust\S097_004_00000030.png,156.2747344970703,74.4208984375,3004.4130859375
D:\Kebench\Documents\projects\xai-lab\data\raw\ckplus\disgust\S096_003_00000011.png,169.37326049804688,48.403804779052734,963.6241455078125
D:\Kebench\Documents\projects\xai-lab\data\raw\ckplus\surprise\S075_002_00000014.png,142.26345825195312,68.65985870361328,3298.9453125
D:\Kebench\Documents\projects\xai-lab\data\raw\ckplus\happy\S127_004_00000016.png,101.75694274902344,58.590660095214844,1366.2178955078125
D:\Kebench\Documents\projects\xai-lab\data\raw\ckplus\contempt\S506_002_00000009.png,107.04774475097656,40.26648712158203,1096.4296875
D:\Kebench\Documents\projects\xai-lab\data\raw\ckplus\happy\S129_012_00000009.png,118.91449737548828,65.25160217285156,1807.4305419921875
D:\Kebench\Documents\projects\xai-lab\data\raw\ckplus\surprise\S110_001_00000011.png,131.68792724609375,76.62288665771484,2957.856689453125
D:\Kebench\Documents\projects\xai-lab\data\raw\ckplus\disgust\S111_007_00000013.png,87.15625,59.29172134399414,1330.486083984375
D:\Kebench\Documents\projects\xai-lab\data\raw\ckplus\happy\S067_005_00000021.png,112.31900787353516,65.0208969116211,1992.842041015625
D:\Kebench\Documents\projects\xai-lab\data\raw\ckplus\disgust\S129_011_00000018.png,117.91146087646484,62.7833366394043,2020.5181884765625
D:\Kebench\Documents\projects\xai-lab\data\raw\ckplus\sadness\S046_001_00000024.png,172.8776092529297,78.99976348876953,3737.556396484375
D:\Kebench\Documents\projects\xai-lab\data\raw\ckplus\fear\S059_002_00000015.png,164.59027099609375,67.10746765136719,2178.080810546875
D:\Kebench\Documents\projects\xai-lab\data\raw\ckplus\anger\S130_007_00000018.png,106.41493225097656,59.435157775878906,1708.853271484375
D:\Kebench\Documents\projects\xai-lab\data\raw\ckplus\sadness\S132_002_00000017.png,104.88237762451172,53.310604095458984,1096.1771240234375
D:\Kebench\Documents\projects\xai-lab\data\raw\ckplus\happy\S071_005_00000020.png,153.26475524902344,66.40465545654297,2442.84033203125
D:\Kebench\Documents\projects\xai-lab\data\raw\ckplus\surprise\S059_001_00000017.png,151.76910400390625,62.895023345947266,1995.8289794921875
D:\Kebench\Documents\projects\xai-lab\data\raw\ckplus\disgust\S055_003_00000008.png,160.92230224609375,67.82054901123047,2476.861083984375
D:\Kebench\Documents\projects\xai-lab\data\raw\ckplus\happy\S136_006_00000020.png,85.29991149902344,49.705101013183594,1171.94189453125
D:\Kebench\Documents\projects\xai-lab\data\raw\ckplus\surprise\S086_001_00000017.png,168.46875,85.31371307373047,4359.39599609375
D:\Kebench\Documents\projects\xai-lab\data\raw\ckplus\disgust\S130_012_00000010.png,103.71614837646484,59.58981704711914,1635.94189453125
D:\Kebench\Documents\projects\xai-lab\data\raw\ckplus\anger\S071_004_00000027.png,162.13629150390625,66.77957916259766,2169.4375
D:\Kebench\Documents\projects\xai-lab\data\raw\ckplus\contempt\S151_002_00000027.png,151.4440155029297,70.9583511352539,1594.7890625
D:\Kebench\Documents\projects\xai-lab\data\raw\ckplus\surprise\S074_002_00000014.png,136.05165100097656,88.01473236083984,2919.125
D:\Kebench\Documents\projects\xai-lab\data\raw\ckplus\sadness\S071_002_00000020.png,155.6028594970703,66.62918090820312,2216.966064453125
D:\Kebench\Documents\projects\xai-lab\data\raw\ckplus\disgust\S058_006_00000017.png,151.20008850097656,69.3256607055664,2303.755126953125
D:\Kebench\Documents\projects\xai-lab\data\raw\ckplus\disgust\S065_005_00000006.png,120.35546875,72.85350799560547,1422.8116455078125
D:\Kebench\Documents\projects\xai-lab\data\raw\ckplus\disgust\S056_002_00000008.png,135.57421875,79.33513641357422,2630.131103515625
D:\Kebench\Documents\projects\xai-lab\data\raw\ckplus\surprise\S075_002_00000012.png,146.2864532470703,68.25791931152344,3157.939208984375
D:\Kebench\Documents\projects\xai-lab\data\raw\ckplus\anger\S502_001_00000014.png,120.41753387451172,38.873191833496094,1054.30810546875
D:\Kebench\Documents\projects\xai-lab\data\raw\ckplus\happy\S135_012_00000018.png,165.74696350097656,62.780704498291016,3107.419189453125
D:\Kebench\Documents\projects\xai-lab\data\raw\ckplus\surprise\S136_001_00000018.png,78.65060424804688,47.699527740478516,1090.9227294921875
D:\Kebench\Documents\projects\xai-lab\data\raw\ckplus\surprise\S054_003_00000007.png,144.36676025390625,72.38276672363281,2328.6162109375
D:\Kebench\Documents\projects\xai-lab\data\raw\ckplus\surprise\S064_001_00000010.png,164.4387969970703,67.7528076171875,2473.950439453125
D:\Kebench\Documents\projects\xai-lab\data\raw\ckplus\fear\S074_001_00000019.png,144.4518280029297,87.87619018554688,3232.86279296875
D:\Kebench\Documents\projects\xai-lab\data\raw\ckplus\surprise\S117_001_00000013.png,124.25868225097656,67.84260559082031,2204.1875
D:\Kebench\Documents\projects\xai-lab\data\raw\ckplus\happy\S109_006_00000014.png,143.57986450195312,74.10697174072266,3128.040771484375
D:\Kebench\Documents\projects\xai-lab\data\raw\ckplus\anger\S055_004_00000028.png,156.515625,68.3714599609375,2566.44970703125
D:\Kebench\Documents\projects\xai-lab\data\raw\ckplus\anger\S032_003_00000015.png,147.67013549804688,68.2817611694336,2376.592041015625
D:\Kebench\Documents\projects\xai-lab\data\raw\ckplus\surprise\S069_002_00000014.png,127.67534637451172,71.1656723022461,2981.65283203125
D:\Kebench\Documents\projects\xai-lab\data\raw\ckplus\contempt\S147_002_00000013.png,148.62977600097656,63.32157897949219,1645.8663330078125
D:\Kebench\Documents\projects\xai-lab\data\raw\ckplus\surprise\S079_001_00000012.png,58.58073043823242,44.95428466796875,1488.501708984375
D:\Kebench\Documents\projects\xai-lab\data\raw\ckplus\happy\S056_004_00000018.png,132.24957275390625,81.4822998046875,2969.3828125
D:\Kebench\Documents\projects\xai-lab\data\raw\ckplus\anger\S129_006_00000009.png,121.72743225097656,65.18582916259766,1923.2725830078125
D:\Kebench\Documents\projects\xai-lab\data\raw\ckplus\happy\S064_003_00000023.png,161.95225524902344,70.76835632324219,3248.50341796875
D:\Kebench\Documents\projects\xai-lab\data\raw\ckplus\anger\S503_001_00000071.png,111.98003387451172,38.82113265991211,1276.7630615234375
D:\Kebench\Documents\projects\xai-lab\data\raw\ckplus\disgust\S073_006_00000014.png,102.12934112548828,62.613731384277344,3475.41748046875
D:\Kebench\Documents\projects\xai-lab\data\raw\ckplus\fear\S059_002_00000016.png,162.91883850097656,67.44597625732422,2284.006103515625
D:\Kebench\Documents\projects\xai-lab\data\raw\ckplus\fear\S065_002_00000021.png,106.93576049804688,73.79706573486328,2109.865478515625
D:\Kebench\Documents\projects\xai-lab\data\raw\ckplus\disgust\S095_006_00000011.png,132.7526092529297,39.13720703125,635.8958129882812
D:\Kebench\Documents\projects\xai-lab\data\raw\ckplus\happy\S067_005_00000020.png,110.72005462646484,64.80242156982422,1985.665771484375
D:\Kebench\Documents\projects\xai-lab\data\raw\ckplus\surprise\S071_001_00000011.png,141.11544799804688,62.680076599121094,2143.59716796875
D:\Kebench\Documents\projects\xai-lab\data\raw\ckplus\happy\S078_004_00000025.png,117.74522399902344,78.0498046875,1864.029541015625
D:\Kebench\Documents\projects\xai-lab\data\raw\ckplus\fear\S117_003_00000013.png,141.52560424804688,72.05152130126953,2192.283935546875
D:\Kebench\Documents\projects\xai-lab\data\raw\ckplus\surprise\S085_003_00000013.png,169.0169219970703,85.35981750488281,3701.2646484375
D:\Kebench\Documents\projects\xai-lab\data\raw\ckplus\surprise\S107_001_00000009.png,123.97222137451172,63.90818405151367,2636.580810546875
D:\Kebench\Documents\projects\xai-lab\data\raw\ckplus\surprise\S046_002_00000006.png,168.76171875,76.96591186523438,3469.59375
D:\Kebench\Documents\projects\xai-lab\data\raw\ckplus\disgust\S081_008_00000011.png,172.6471405029297,71.7937240600586,4095.115478515625
D:\Kebench\Documents\projects\xai-lab\data\raw\ckplus\sadness\S011_002_00000022.png,88.48697662353516,51.3211555480957,2249.1328125
D:\Kebench\Documents\projects\xai-lab\data\raw\ckplus\happy\S134_004_00000013.png,97.65928649902344,55.74481201171875,1874.0806884765625
D:\Kebench\Documents\projects\xai-lab\data\raw\ckplus\happy\S097_006_00000018.png,150.20877075195312,75.28441619873047,3849.87158203125
D:\Kebench\Documents\projects\xai-lab\data\raw\ckplus\disgust\S044_006_00000018.png,178.6184844970703,77.4098129272461,4335.939453125
D:\Kebench\Documents\projects\xai-lab\data\raw\ckplus\happy\S091_003_00000019.png,170.9401092529297,77.74346923828125,2855.61376953125
D:\Kebench\Documents\projects\xai-lab\data\raw\ckplus\surprise\S130_001_00000018.png,94.51171875,57.934078216552734,2082.2275390625
D:\Kebench\Documents\projects\xai-lab\data\raw\ckplus\contempt\S504_002_00000009.png,102.49175262451172,46.58400344848633,1789.0963134765625
D:\Kebench\Documents\projects\xai-lab\data\raw\ckplus\surprise\S051_002_00000018.png,39.61979293823242,32.71184158325195,1261.642333984375
D:\Kebench\Documents\projects\xai-lab\data\raw\ckplus\happy\S066_003_00000010.png,143.98870849609375,85.6009750366211,2106.1796875
D:\Kebench\Documents\projects\xai-lab\data\raw\ckplus\surprise\S136_001_00000019.png,78.85243225097656,47.783966064453125,1073.4453125
D:\Kebench\Documents\projects\xai-lab\data\raw\ckplus\happy\S070_003_00000016.png,113.91059112548828,72.82807922363281,2753.057373046875
D:\Kebench\Documents\projects\xai-lab\data\raw\ckplus\surprise\S096_001_00000005.png,150.30555725097656,73.5698471069336,2135.52685546875
D:\Kebench\Documents\projects\xai-lab\data\raw\ckplus\happy\S026_006_00000012.png,85.47699737548828,50.86676025390625,1397.001708984375
D:\Kebench\Documents\projects\xai-lab\data\raw\ckplus\happy\S100_006_00000014.png,137.68836975097656,67.3868408203125,2336.6728515625
D:\Kebench\Documents\projects\xai-lab\data\raw\ckplus\surprise\S094_001_00000009.png,83.90234375,47.649723052978516,1338.5859375
D:\Kebench\Documents\projects\xai-lab\data\raw\ckplus\surprise\S131_001_00000015.png,151.6354217529297,74.77302551269531,2392.963623046875
D:\Kebench\Documents\projects\xai-lab\data\raw\ckplus\disgust\S090_006_00000010.png,113.01128387451172,74.7126693725586,2284.294189453125
D:\Kebench\Documents\projects\xai-lab\data\raw\ckplus\anger\S111_006_00000009.png,91.47916412353516,61.282684326171875,1311.9400634765625
D:\Kebench\Documents\projects\xai-lab\data\raw\ckplus\disgust\S052_006_00000013.png,161.0208282470703,69.0179672241211,1781.62939453125
